Date,Year,Open,High,Low,Close,Volume,Adj Close
02-01-2020,2020,28.29999924,28.71333313,28.11400032,28.68400002,142981500,28.68400002
03-01-2020,2020,29.36666679,30.26666641,29.12800026,29.5340004,266677500,29.5340004
06-01-2020,2020,29.36466789,30.10400009,29.33333206,30.10266685,151995000,30.10266685
07-01-2020,2020,30.76000023,31.44199944,30.22400093,31.27066612,268231500,31.27066612
08-01-2020,2020,31.57999992,33.23266602,31.21533394,32.8093338,467164500,32.8093338
09-01-2020,2020,33.13999939,33.25333405,31.52466774,32.08933258,426606000,32.08933258
10-01-2020,2020,32.11933136,32.32933426,31.57999992,31.87666702,194392500,31.87666702
13-01-2020,2020,32.90000153,35.04199982,32.79999924,34.99066544,397764000,34.99066544
14-01-2020,2020,36.2840004,36.49399948,34.99333191,35.86133194,434943000,35.86133194
15-01-2020,2020,35.31733322,35.85599899,34.45266724,34.56666565,260532000,34.56666565
16-01-2020,2020,32.91666794,34.29733276,32.8113327,34.23266602,326050500,34.23266602
17-01-2020,2020,33.84066772,34.37799835,33.54399872,34.03333282,204436500,34.03333282
21-01-2020,2020,35.34999847,36.5719986,35.22733307,36.47999954,267052500,36.47999954
22-01-2020,2020,38.12599945,39.6333313,37.2733345,37.97066879,470535000,37.97066879
23-01-2020,2020,37.6166687,38.79999924,37.04000092,38.14666748,294765000,38.14666748
24-01-2020,2020,38.04199982,38.25733185,36.95066833,37.6546669,215304000,37.6546669
27-01-2020,2020,36.13266754,37.6293335,35.95199966,37.20133209,204121500,37.20133209
28-01-2020,2020,37.89933395,38.45399857,37.20533371,37.79333115,176827500,37.79333115
29-01-2020,2020,38.3793335,39.31999969,37.82866669,38.73266602,267022500,38.73266602
30-01-2020,2020,42.16133118,43.39199829,41.20000076,42.72066879,435085500,42.72066879
31-01-2020,2020,42.66666794,43.53333282,42.16799927,43.37133408,235789500,43.37133408
03-02-2020,2020,44.91266632,52.40933228,44.90133286,52,705975000,52
04-02-2020,2020,58.86399841,64.59933472,55.59199905,59.13733292,914082000,59.13733292
05-02-2020,2020,54.88399887,56.39866638,46.9406662,48.97999954,726357000,48.97999954
06-02-2020,2020,46.66133118,53.05533218,45.79999924,49.93066788,598212000,49.93066788
07-02-2020,2020,48.70333481,51.31666565,48.66666794,49.87133408,255952500,49.87133408
10-02-2020,2020,53.33333206,54.66600037,50.15999985,51.41866684,370338000,51.41866684
11-02-2020,2020,51.25266647,52.23400116,50.53333282,51.62533188,175462500,51.62533188
12-02-2020,2020,51.85800171,52.65000153,50.89133453,51.152668,180337500,51.152668
13-02-2020,2020,49.45600128,54.53333282,49,53.59999847,394339500,53.59999847
14-02-2020,2020,52.48133469,54.19800186,52.3666687,53.33533478,235405500,53.33533478
18-02-2020,2020,56.10666656,57.33333206,55.49066544,57.2266655,245725500,57.2266655
19-02-2020,2020,61.56666565,62.98533249,60.06800079,61.16133118,381345000,61.16133118
20-02-2020,2020,60.79666519,60.79999924,57.32933426,59.96066666,264523500,59.96066666
21-02-2020,2020,60.46533203,60.8706665,58.69666672,60.06666565,214722000,60.06666565
24-02-2020,2020,55.93333435,57.56666565,54.8133316,55.58599854,227883000,55.58599854
25-02-2020,2020,56.59999847,57.10666656,52.46666718,53.32733154,259357500,53.32733154
26-02-2020,2020,52.16666794,54.22066879,51.74066544,51.91999817,211282500,51.91999817
27-02-2020,2020,48.66666794,49.31800079,44.59999847,45.26666641,364158000,45.26666641
28-02-2020,2020,41.97999954,46.03466797,40.76800156,44.53266525,363343500,44.53266525
02-03-2020,2020,47.4173317,49.57933426,45.77799988,49.57466888,302925000,49.57466888
03-03-2020,2020,53.66666794,53.79866791,47.74066544,49.70066833,386760000,49.70066833
04-03-2020,2020,50.93066788,51.10133362,48.31533432,49.96666718,225735000,49.96666718
05-03-2020,2020,48.25133133,49.71666718,47.87133408,48.30266571,162790500,48.30266571
06-03-2020,2020,46,47.1333313,45.61800003,46.89866638,189943500,46.89866638
09-03-2020,2020,40.35933304,44.20000076,40.33333206,40.53333282,256105500,40.53333282
10-03-2020,2020,43.9620018,44.53333282,40.53333282,43.02199936,233916000,43.02199936
11-03-2020,2020,42.68000031,43.5719986,40.8666687,42.2820015,199837500,42.2820015
12-03-2020,2020,38.72600174,39.6333313,36.41666794,37.36999893,283636500,37.36999893
13-03-2020,2020,39.66666794,40.50466537,33.46666718,36.44133377,339604500,36.44133377
16-03-2020,2020,31.29999924,32.99133301,29.47800064,29.67133331,307342500,29.67133331
17-03-2020,2020,29.33399963,31.45666695,26.39999962,28.68000031,359919000,28.68000031
18-03-2020,2020,25.93333244,26.99066734,23.36733246,24.08133316,356793000,24.08133316
19-03-2020,2020,24.97999954,30.13333321,23.89733315,28.50933266,452932500,28.50933266
20-03-2020,2020,29.21333313,31.79999924,28.38599968,28.50200081,424282500,28.50200081
23-03-2020,2020,28.90666771,29.46666718,27.36666679,28.95266724,246817500,28.95266724
24-03-2020,2020,31.81999969,34.24599838,31.60000038,33.66666794,343428000,33.66666794
25-03-2020,2020,36.34999847,37.1333313,34.07400131,35.95000076,318340500,35.95000076
26-03-2020,2020,36.49266815,37.33333206,34.15000153,35.21066666,260710500,35.21066666
27-03-2020,2020,33.66666794,35.05333328,32.93533325,34.29066849,215661000,34.29066849
30-03-2020,2020,34.01733398,34.44333267,32.74866867,33.47533417,179971500,33.47533417
31-03-2020,2020,33.41666794,36.19733429,33.1333313,34.93333435,266572500,34.93333435
01-04-2020,2020,33.59999847,34.26333237,31.67333221,32.10400009,200298000,32.10400009
02-04-2020,2020,32.06866837,32.95066833,29.76000023,30.29800034,297876000,30.29800034
03-04-2020,2020,33.96666718,34.36600113,31.22599983,32.00066757,338431500,32.00066757
06-04-2020,2020,34.08000183,34.73333359,33.19733429,34.41600037,223527000,34.41600037
07-04-2020,2020,36.33333206,37.66666794,35.48933411,36.36333466,268797000,36.36333466
08-04-2020,2020,36.94666672,37.14733124,35.55533218,36.58933258,189840000,36.58933258
13-04-2020,2020,39.34400177,43.46666718,38.70199966,43.39666748,337131000,43.39666748
14-04-2020,2020,46.59799957,49.45866776,46.16199875,47.32600021,458647500,47.32600021
15-04-2020,2020,49.46666718,50.20866776,47.33333206,48.65533447,353655000,48.65533447
16-04-2020,2020,47.79600143,50.63000107,47.11466599,49.68066788,309868500,49.68066788
17-04-2020,2020,51.48533249,51.66333389,49.84400177,50.25933456,196923000,50.25933456
20-04-2020,2020,48.84666824,51.0379982,47.48066711,49.75733185,221199000,49.75733185
21-04-2020,2020,48.67466736,50.22200012,44.91933441,45.78133392,303136500,45.78133392
22-04-2020,2020,46.93199921,48.93333435,45.91400146,48.8073349,212482500,48.8073349
23-04-2020,2020,48.50666809,48.93333435,46.87533188,47.04199982,198550500,47.04199982
24-04-2020,2020,47.38733292,48.71533203,46.54533386,48.3433342,198180000,48.3433342
27-04-2020,2020,49.17399979,53.29933167,49,53.25,310221000,53.25
28-04-2020,2020,53.04266739,53.66666794,50.44599915,51.27466583,228330000,51.27466583
29-04-2020,2020,52.6780014,53.54666519,52.21066666,53.36733246,243240000,53.36733246
30-04-2020,2020,57.01266861,57.98799896,50.90000153,52.12533188,427078500,52.12533188
01-05-2020,2020,50.33333206,51.51800156,45.5359993,46.75466537,487977000,46.75466537
04-05-2020,2020,46.73333359,50.79999924,46.53333282,50.74599838,288556500,50.74599838
05-05-2020,2020,52.652668,53.26133347,50.81200027,51.2140007,254875500,51.2140007
06-05-2020,2020,51.76666641,52.65333176,50.74066544,52.17200089,166848000,52.17200089
07-05-2020,2020,51.81399918,53.0933342,51.49000168,52.00266647,172915500,52.00266647
08-05-2020,2020,52.91799927,54.93333435,52.46733475,54.62799835,241297500,54.62799835
11-05-2020,2020,52.70066833,54.93333435,52.33333206,54.08599854,247794000,54.08599854
12-05-2020,2020,55.1333313,56.21933365,53.8666687,53.96066666,238603500,53.96066666
13-05-2020,2020,54.72200012,55.06666565,50.88666534,52.73066711,285982500,52.73066711
14-05-2020,2020,52,53.5573349,50.93333435,53.55533218,205233000,53.55533218
15-05-2020,2020,52.68999863,53.66999817,52.4366684,53.27799988,157776000,53.27799988
18-05-2020,2020,55.18533325,55.64799881,53.59199905,54.24200058,174987000,54.24200058
19-05-2020,2020,54.34466553,54.80466843,53.73866653,53.86733246,144547500,53.86733246
20-05-2020,2020,54.70000076,55.06666565,54.11999893,54.3706665,109639500,54.3706665
21-05-2020,2020,54.40000153,55.5,53.06666565,55.17333221,183819000,55.17333221
22-05-2020,2020,54.8113327,55.45199966,54.1333313,54.45866776,149812500,54.45866776
26-05-2020,2020,55.6333313,55.63999939,54.38066864,54.59133148,121345500,54.59133148
27-05-2020,2020,54.72399902,55.18066788,52.33333206,54.68199921,173242500,54.68199921
28-05-2020,2020,54.23400116,54.98333359,53.44599915,53.72066879,108834000,53.72066879
29-05-2020,2020,53.91666794,55.66666794,53.61399841,55.66666794,176467500,55.66666794
01-06-2020,2020,57.20000076,59.93333435,56.93999863,59.87333298,224092500,59.87333298
02-06-2020,2020,59.64666748,60.57733154,58.06666565,58.77066803,203484000,58.77066803
03-06-2020,2020,59.20800018,59.86266708,58.67333221,58.86399841,119242500,58.86399841
04-06-2020,2020,59.32533264,59.71666718,57.22933197,57.62533188,133315500,57.62533188
05-06-2020,2020,58.52266693,59.10133362,57.74666595,59.04399872,117178500,59.04399872
08-06-2020,2020,61.26666641,63.33333206,60.61066818,63.32799911,212620500,63.32799911
09-06-2020,2020,62.6673317,63.6293335,61.5953331,62.71133423,170823000,62.71133423
10-06-2020,2020,66.12533569,68.49866486,65.5,68.33666992,278451000,68.33666992
11-06-2020,2020,66.01333618,67.93066406,64.80000305,64.85600281,238747500,64.85600281
12-06-2020,2020,65.33333588,65.86533356,60.84000015,62.35200119,251451000,62.35200119
15-06-2020,2020,61.18600082,66.58933258,60.56666565,66.05999756,235458000,66.05999756
16-06-2020,2020,67.45666504,67.52532959,64.15933228,65.47533417,210766500,65.47533417
17-06-2020,2020,65.84733582,67,65.50466919,66.11933136,148362000,66.11933136
18-06-2020,2020,66.8666687,67.94667053,66.29799652,66.93066406,146278500,66.93066406
19-06-2020,2020,67.51866913,67.73133087,66.08933258,66.72666931,130195500,66.72666931
22-06-2020,2020,66.66333008,67.25866699,66.00133514,66.28800201,95436000,66.28800201
23-06-2020,2020,66.59200287,67.46666718,66.26733398,66.78533173,95479500,66.78533173
24-06-2020,2020,66.27400208,66.72533417,63.54266739,64.05666351,164394000,64.05666351
25-06-2020,2020,63.61800003,65.73200226,62.4766655,65.73200226,138817500,65.73200226
26-06-2020,2020,66.31866455,66.33333588,63.65800095,63.98266602,132823500,63.98266602
29-06-2020,2020,64.60066986,67.33333588,63.23466873,67.29000092,135396000,67.29000092
30-06-2020,2020,67.09999847,72.51266479,66.91533661,71.98733521,253777500,71.98733521
01-07-2020,2020,72.19999695,75.6886673,72.03333282,74.64199829,199903500,74.64199829
02-07-2020,2020,81.43199921,81.8666687,79.04000092,80.57733154,258751500,80.57733154
06-07-2020,2020,85.11266327,91.85266876,84.40266418,91.4386673,308548500,91.4386673
07-07-2020,2020,93.66733551,95.30000305,89.11399841,92.65733337,322345500,92.65733337
08-07-2020,2020,93.66666412,94.48400116,87.42266846,91.05867004,244669500,91.05867004
09-07-2020,2020,93.13266754,93.90399933,90.08533478,92.95200348,175764000,92.95200348
10-07-2020,2020,93.06666565,103.2613297,91.73400116,102.9766693,350064000,102.9766693
13-07-2020,2020,110.5999985,119.6660004,98.0739975,99.80400085,584781000,99.80400085
14-07-2020,2020,103.7333298,106,95.40000153,101.1200027,351271500,101.1200027
15-07-2020,2020,102.8666687,103.3333359,97.1333313,103.0673294,245517000,103.0673294
16-07-2020,2020,98.47733307,102.1139984,97.73332977,100.0426636,214512000,100.0426636
17-07-2020,2020,100.8966675,102.5006638,99.33333588,100.0559998,139950000,100.0559998
20-07-2020,2020,101.267334,110,99.19999695,109.5333328,256821000,109.5333328
21-07-2020,2020,109.3286667,111.6666641,103.8666687,104.5573349,241608000,104.5573349
22-07-2020,2020,106.5999985,108.4280014,104.1333313,106.1553345,212416500,106.1553345
23-07-2020,2020,111.9300003,112.5999985,98.71800232,100.8713303,364927500,100.8713303
24-07-2020,2020,94.40066528,97.66666412,91.10266876,94.46666718,290949000,94.46666718
27-07-2020,2020,95.66666412,103.1959991,94.19999695,102.6399994,240730500,102.6399994
28-07-2020,2020,100.2666702,104.3133316,98.2946701,98.43267059,237130500,98.43267059
29-07-2020,2020,100.0666656,102.3206635,99.1333313,99.9406662,141403500,99.9406662
30-07-2020,2020,99.19999695,100.8826675,98.06666565,99.16600037,114315000,99.16600037
31-07-2020,2020,101,101.1366653,94.73200226,95.38400269,183123000,95.38400269
03-08-2020,2020,96.61333466,100.6539993,96.29199982,99,132139500,99
04-08-2020,2020,99.66733551,101.8273315,97.46666718,99.1333313,126225000,99.1333313
05-08-2020,2020,99.53266907,99.98933411,97.88733673,99.00133514,74217000,99.00133514
06-08-2020,2020,99.38866425,101.1539993,98.48400116,99.305336,89884500,99.305336
07-08-2020,2020,99.96932983,99.98332977,94.33399963,96.84733582,133446000,96.84733582
10-08-2020,2020,96.53333282,97.16666412,92.38933563,94.57133484,112834500,94.57133484
11-08-2020,2020,93.06666565,94.66666412,91,91.62599945,129387000,91.62599945
12-08-2020,2020,98,105.6666641,95.66666412,103.6506653,327441000,103.6506653
13-08-2020,2020,107.4000015,110.0786667,104.4840012,108.0666656,306379500,108.0666656
14-08-2020,2020,110.9993362,111.253334,108.4426651,110.0473328,188664000,110.0473328
17-08-2020,2020,111.8000031,123.0573349,111.5220032,122.3759995,303634500,122.3759995
18-08-2020,2020,126.5993347,128.2599945,123.0073318,125.8059998,247117500,125.8059998
19-08-2020,2020,124.3333359,127.4000015,122.7473297,125.2353363,183079500,125.2353363
20-08-2020,2020,124.0453339,134.7993317,123.8040009,133.4553375,309177000,133.4553375
21-08-2020,2020,136.317337,139.6993256,135.0033264,136.665329,322344000,136.665329
24-08-2020,2020,141.7519989,141.9333344,128.5013275,134.2799988,300954000,134.2799988
25-08-2020,2020,131.6593323,135.1966705,131.1999969,134.889328,159883500,134.889328
26-08-2020,2020,137.3333282,144.3999939,136.9086609,143.5446625,213591000,143.5446625
27-08-2020,2020,145.3639984,153.0399933,142.8333282,149.25,355395000,149.25
28-08-2020,2020,153.0079956,154.5659943,145.7680054,147.5599976,301218000,147.5599976
31-08-2020,2020,148.2033386,166.7133331,146.7033386,166.1066742,355123200,166.1066742
01-09-2020,2020,167.3800049,167.4966736,156.8366699,158.3500061,269523300,158.3500061
02-09-2020,2020,159.6633301,159.6799927,135.0399933,149.1233368,288528300,149.1233368
03-09-2020,2020,135.7433319,143.9333344,134,135.6666718,262788300,135.6666718
04-09-2020,2020,134.2700043,142.6666718,124.0066681,139.4400024,330965700,139.4400024
08-09-2020,2020,118.6666641,122.9133301,109.9599991,110.0699997,346397100,110.0699997
09-09-2020,2020,118.8666687,123,113.8366699,122.0933304,238397400,122.0933304
10-09-2020,2020,128.7366638,132.9966736,120.1866684,123.7799988,254791800,123.7799988
11-09-2020,2020,127.3133316,127.5,120.1666641,124.2399979,182152500,124.2399979
14-09-2020,2020,126.9833298,140,124.4333344,139.8733368,249061800,139.8733368
15-09-2020,2020,145.5200043,153.9799957,143.5666656,149.9199982,291894600,149.9199982
16-09-2020,2020,146.6233368,152.5966644,145.1033325,147.2533264,216837900,147.2533264
17-09-2020,2020,138.5333405,145.9299927,136,141.1433258,230337600,141.1433258
18-09-2020,2020,149.3133392,150.3333282,142.9333344,147.3833313,259220400,147.3833313
21-09-2020,2020,151.043335,151.8933258,135.6900024,149.7966614,328430400,149.7966614
22-09-2020,2020,143.1999969,145.9199982,139.1999969,141.4100037,238742400,141.4100037
23-09-2020,2020,135.0533295,137.3833313,125.293335,126.7866669,285222600,126.7866669
24-09-2020,2020,121.2666702,133.1666718,117.0999985,129.2633362,289683300,129.2633362
25-09-2020,2020,131.156662,136.2433319,130.4333344,135.7799988,201625500,135.7799988
28-09-2020,2020,141.5399933,142.6933289,138.5166626,140.3999939,149158800,140.3999939
29-09-2020,2020,138.6666718,142.8333282,137.1999969,139.6900024,150657900,139.6900024
30-09-2020,2020,140.4400024,144.6433258,140.156662,143.0033264,144436800,143.0033264
01-10-2020,2020,146.9199982,149.6266632,144.8066711,149.386673,152224500,149.386673
02-10-2020,2020,140.4633331,146.3766632,138.3333282,138.363327,214290000,138.363327
05-10-2020,2020,141.1166687,144.5466614,139.7766724,141.8933258,134168400,141.8933258
06-10-2020,2020,141.2633362,142.9266663,135.3500061,137.9933319,147438900,137.9933319
07-10-2020,2020,139.956665,143.3000031,137.9499969,141.7666626,129383100,141.7666626
08-10-2020,2020,146.1466675,146.3333282,141.7666626,141.9733276,121263300,141.9733276
09-10-2020,2020,143.3766632,144.863327,142.1533356,144.6666718,86777100,144.6666718
12-10-2020,2020,147.3333282,149.5800018,146.1933289,147.4333344,116373300,147.4333344
13-10-2020,2020,147.7833405,149.6300049,145.5333405,148.8833313,103391100,148.8833313
14-10-2020,2020,149.9266663,155.3000031,149.1166687,153.7666626,143639100,153.7666626
15-10-2020,2020,150.1033325,152.1900024,147.5,149.6266632,107017200,149.6266632
16-10-2020,2020,151.4799957,151.9833374,146.2833405,146.5566711,98327700,146.5566711
19-10-2020,2020,148.7466736,149,142.956665,143.6100006,108863400,143.6100006
20-10-2020,2020,143.9166718,143.9166718,139.6833344,140.6466675,94968900,140.6466675
21-10-2020,2020,140.8999939,144.3166656,140.4166718,140.8800049,97111500,140.8800049
22-10-2020,2020,147.3066711,148.4100037,141.5033264,141.9299927,119979600,141.9299927
23-10-2020,2020,140.613327,140.9633331,135.793335,140.2100067,101151000,140.2100067
27-10-2020,2020,141.2533264,143.5,140.0333405,141.5599976,68059500,141.5599976
28-10-2020,2020,138.8266602,139.5333405,135.3333282,135.3399963,76354200,135.3399963
29-10-2020,2020,136.6533356,139.3533325,135.4866638,136.9433289,67965900,136.9433289
30-10-2020,2020,135.6333313,135.863327,126.3700027,129.3466644,127533900,129.3466644
02-11-2020,2020,131.3333282,135.6600037,130.7666626,133.5033264,87063300,133.5033264
03-11-2020,2020,136.5766602,142.5899963,135.5633392,141.3000031,103055100,141.3000031
04-11-2020,2020,143.5399933,145.1333313,139.0333405,140.3266602,96429300,140.3266602
05-11-2020,2020,142.7666626,146.6666718,141.3333282,146.0299988,85243500,146.0299988
06-11-2020,2020,145.3666687,145.5233307,141.4266663,143.3166656,65118000,143.3166656
09-11-2020,2020,146.5,150.8333282,140.3333282,140.4199982,104499000,140.4199982
10-11-2020,2020,140.0299988,140.0299988,132.0099945,136.7866669,90852600,136.7866669
11-11-2020,2020,138.8166656,139.5666656,136.8600006,139.043335,52073100,139.043335
12-11-2020,2020,138.3500061,141,136.5066681,137.2533264,59565300,137.2533264
13-11-2020,2020,136.9499969,137.5099945,133.886673,136.1666718,59313300,136.1666718
16-11-2020,2020,136.3099976,137.4833374,134.6966705,136.0299988,80515800,136.0299988
17-11-2020,2020,153.3899994,154,144.3366699,147.2033386,183564900,147.2033386
18-11-2020,2020,149.4499969,165.3333282,147.8333282,162.2133331,234132000,162.2133331
19-11-2020,2020,164,169.5366669,162.5233307,166.4233398,187425900,166.4233398
20-11-2020,2020,165.9966736,167.5,163.0200043,163.2033386,98735700,163.2033386
23-11-2020,2020,167.8333282,175.3333282,167.2633362,173.9499969,150780900,173.9499969
24-11-2020,2020,180.1333313,186.6633301,175.3999939,185.1266632,160945500,185.1266632
25-11-2020,2020,183.3533325,191.3333282,181.7899933,191.3333282,146790600,191.3333282
27-11-2020,2020,193.7200012,199.593338,192.8166656,195.2533264,112683300,195.2533264
30-11-2020,2020,200.7366638,202.6000061,184.8366699,189.1999969,189009300,189.1999969
01-12-2020,2020,199.1966705,199.2833405,190.6833344,194.9199982,120310500,194.9199982
02-12-2020,2020,185.4799957,190.5133362,180.4033356,189.6066742,143327100,189.6066742
03-12-2020,2020,196.6733398,199.656662,194.1433258,197.793335,127656000,197.793335
04-12-2020,2020,197.0033264,199.6799927,195.1666718,199.6799927,88203900,199.6799927
07-12-2020,2020,201.6399994,216.2633362,201.0166626,213.9199982,168929100,213.9199982
08-12-2020,2020,208.5033264,217.093338,206.1666718,216.6266632,192795000,216.6266632
09-12-2020,2020,217.8966675,218.1066742,196,201.4933319,213873600,201.4933319
10-12-2020,2020,191.456665,209.25,188.7799988,209.0233307,201249600,209.0233307
11-12-2020,2020,205.0033264,208,198.9333344,203.3300018,139425000,203.3300018
14-12-2020,2020,206.3333282,214.25,203.3999939,213.2766724,156121800,213.2766724
15-12-2020,2020,214.4266663,215.6333313,207.9333344,211.0833282,135214500,211.0833282
16-12-2020,2020,209.4100037,210.8333282,201.6666718,207.5899963,126287400,207.5899963
17-12-2020,2020,209.3966675,219.6066742,206.5,218.6333313,168810300,218.6333313
18-12-2020,2020,222.9666595,231.6666718,209.5133362,231.6666718,666378600,231.6666718
21-12-2020,2020,222.0800018,222.8333282,215.3566742,216.6199951,174135900,216.6199951
22-12-2020,2020,216,216.6266632,204.7433319,213.4466705,155148000,213.4466705
23-12-2020,2020,210.7333374,217.1666718,207.5233307,215.3266602,99519000,215.3266602
24-12-2020,2020,214.3300018,222.0299988,213.6666718,220.5899963,68596800,220.5899963
28-12-2020,2020,224.8366699,227.1333313,220.2666626,221.2299957,96835800,221.2299957
29-12-2020,2020,220.3333282,223.3000031,218.3333282,221.9966736,68732400,221.9966736
30-12-2020,2020,224,232.1999969,222.7866669,231.593338,128538000,231.593338
31-12-2020,2020,233.3300018,239.5733337,230.3733368,235.2233276,148949700,235.2233276
04-01-2021,2021,239.8200073,248.1633301,239.0633392,243.2566681,145914600,243.2566681
05-01-2021,2021,241.2200012,246.9466705,239.7333374,245.0366669,96735600,245.0366669
06-01-2021,2021,252.8300018,258,249.6999969,251.9933319,134100000,251.9933319
07-01-2021,2021,259.2099915,272.3299866,258.3999939,272.0133362,154496700,272.0133362
08-01-2021,2021,285.3333435,294.8299866,279.4633179,293.3399963,225166500,293.3399963
11-01-2021,2021,283.1333313,284.8099976,267.8733215,270.3966675,177904800,270.3966675
12-01-2021,2021,277,289.3333435,275.7799988,283.1466675,138812100,283.1466675
13-01-2021,2021,284.2533264,286.8233337,277.3333435,284.8033447,99937500,284.8033447
14-01-2021,2021,281.1300049,287.6666565,279.5833435,281.6666565,93798900,281.6666565
15-01-2021,2021,284,286.6333313,273.0333252,275.3866577,116332800,275.3866577
19-01-2021,2021,279.2666626,283.3333435,277.6666565,281.5166626,76101000,281.5166626
20-01-2021,2021,286.2466736,286.5,279.0933228,283.4833374,76997700,283.4833374
21-01-2021,2021,285,285.2399902,280.4733276,281.6633301,61563300,281.6633301
22-01-2021,2021,278.1033325,282.6666565,276.206665,282.2133179,60199500,282.2133179
25-01-2021,2021,285,300.1333313,279.6066589,293.6000061,123520200,293.6000061
26-01-2021,2021,297.1266785,298.6333313,290.5333252,294.3633423,69394800,294.3633423
27-01-2021,2021,290.1166687,297.1666565,286.2200012,288.0533447,82002000,288.0533447
28-01-2021,2021,273.3333435,282.6666565,267,278.4766541,79134000,278.4766541
29-01-2021,2021,276.6666565,280.8033447,260.0333252,264.5100098,104972400,264.5100098
01-02-2021,2021,271.4299927,280.6666565,265.186676,279.936676,76174200,279.936676
02-02-2021,2021,281.5599976,293.5,280.7333374,290.9299927,73038600,290.9299927
04-02-2021,2021,285,285.5,277.8066711,283.3299866,47438100,283.3299866
05-02-2021,2021,281.6666565,288.2566528,279.6566772,284.0766602,55699800,284.0766602
08-02-2021,2021,289.8900146,292.5899963,284.9166565,287.8066711,60485100,287.8066711
09-02-2021,2021,285.0400085,286.6000061,280.5833435,283.1533203,45473100,283.1533203
10-02-2021,2021,281.2133179,281.6066589,266.6733398,268.2733459,108648300,268.2733459
11-02-2021,2021,270.813324,276.6266785,267.2433472,270.5533447,64868400,270.5533447
12-02-2021,2021,267.0866699,272.4433289,261.7766724,272.0400085,71304900,272.0400085
16-02-2021,2021,272.6666565,273.6666565,264.1466675,265.4066772,59406900,265.4066772
17-02-2021,2021,259.6966553,266.6133423,254.0033264,266.0499878,77989500,266.0499878
18-02-2021,2021,260.2999878,264.8966675,258.7566528,262.4599915,53871300,262.4599915
19-02-2021,2021,265,265.5966797,259.1233215,260.4333191,56874900,260.4333191
22-02-2021,2021,254.2133331,256.1666565,236.7333374,238.1666718,111809100,238.1666718
23-02-2021,2021,220.7100067,237.8699951,206.3333282,232.9466705,199820700,232.9466705
24-02-2021,2021,237.2833405,248.3333282,231.3899994,247.3399963,110301000,247.3399963
25-02-2021,2021,242.0500031,245.7366638,223.5266724,227.406662,117071700,227.406662
26-02-2021,2021,233.3333282,235.5666656,219.8366699,225.1666718,123267600,225.1666718
01-03-2021,2021,230.0366669,239.6666718,228.3500061,239.4766693,81408600,239.4766693
02-03-2021,2021,239.4266663,240.3699951,228.3333282,228.8133392,71196600,228.8133392
03-03-2021,2021,229.3300018,233.5666656,217.2366638,217.7333374,90624000,217.7333374
04-03-2021,2021,218.6000061,222.8166656,200,207.1466675,197758500,207.1466675
05-03-2021,2021,208.6866608,209.2799988,179.8300018,199.3166656,268189500,199.3166656
08-03-2021,2021,200.1833344,206.7100067,186.2633362,187.6666718,155361000,187.6666718
09-03-2021,2021,202.7266693,226.0299988,198.4033356,224.5266724,202569900,224.5266724
10-03-2021,2021,233.4333344,239.2833405,218.3533325,222.6866608,181817100,222.6866608
11-03-2021,2021,233.1333313,234.1666718,225.7266693,233.1999969,108761700,233.1999969
12-03-2021,2021,223.3333282,231.6266632,222.0466614,231.2433319,100751400,231.2433319
15-03-2021,2021,231.363327,237.7266693,228.0133362,235.9799957,88006800,235.9799957
16-03-2021,2021,234.4499969,235.9733276,223.6666718,225.6266632,96587100,225.6266632
17-03-2021,2021,218.956665,234.5766602,217.0033264,233.9366608,121117500,233.9366608
18-03-2021,2021,228.0966644,229.7433319,217.3333282,217.7200012,99674400,217.7200012
19-03-2021,2021,215.5333405,219.0766602,208.206665,218.2899933,128682000,218.2899933
22-03-2021,2021,228.1966705,233.206665,222.9166718,223.3333282,118536600,223.3333282
23-03-2021,2021,225.2566681,225.9333344,219.1699982,220.7200012,91475700,220.7200012
24-03-2021,2021,222.636673,222.6733398,210.0366669,210.0899963,101385600,210.0899963
25-03-2021,2021,204.3333282,215.1666718,203.1666718,213.4633331,117674700,213.4633331
26-03-2021,2021,213.956665,214.6066742,199.9633331,206.2366638,101558400,206.2366638
29-03-2021,2021,205.2133331,205.4933319,198.6733398,203.7633362,85911000,203.7633362
30-03-2021,2021,200.5833282,212.5533295,197.0033264,211.8733368,118297200,211.8733368
31-03-2021,2021,215.5399933,224,213.7033386,222.6433258,100011900,222.6433258
01-04-2021,2021,229.456665,230.8066711,219.8066711,220.5833282,105895200,220.5833282
05-04-2021,2021,235.9033356,236.0533295,228.2333374,230.3500061,125528400,230.3500061
06-04-2021,2021,230.1000061,232.1833344,227.1233368,230.5399933,84815400,230.5399933
07-04-2021,2021,229,230.4600067,222.613327,223.656662,78928200,223.656662
08-04-2021,2021,225.793335,229.8500061,223.8833313,227.9333344,71772900,227.9333344
09-04-2021,2021,225.9233398,226.9900055,223.1433258,225.6733398,64311300,225.6733398
12-04-2021,2021,228.5666656,234.9333344,227.363327,233.9933319,87407100,233.9933319
13-04-2021,2021,237.5666656,254.3333282,236.886673,254.1066742,133958400,254.1066742
14-04-2021,2021,256.8999939,260.2633362,242.6766663,244.0766602,147052200,244.0766602
15-04-2021,2021,247.6999969,247.8966675,240.4366608,246.2833405,83546700,246.2833405
16-04-2021,2021,242.8833313,249.8033295,241.5333405,246.593338,83938500,246.593338
19-04-2021,2021,239.8666687,241.8000031,230.6000061,238.2100067,119058600,238.2100067
20-04-2021,2021,239.1399994,245.75,236.8966675,239.6633301,106827000,239.6633301
21-04-2021,2021,234.9233398,248.2799988,232.6666718,248.0399933,93646500,248.0399933
22-04-2021,2021,247.1666718,251.2566681,239.3466644,239.8966675,106770900,239.8966675
23-04-2021,2021,239.9333344,245.7866669,238.4866638,243.1333313,85110000,243.1333313
26-04-2021,2021,247,249.7666626,244.2033386,246.0666656,93115500,246.0666656
27-04-2021,2021,239.3200073,241.3333282,234.4499969,234.9133301,88311000,234.9133301
28-04-2021,2021,232.136673,236.1666718,231.1999969,231.4666595,66813000,231.4666595
29-04-2021,2021,233.1699982,234.0833282,222.8333282,225.6666718,86536200,225.6666718
30-04-2021,2021,222.5299988,238.4900055,222.0466614,236.4799957,122276100,236.4799957
03-05-2021,2021,234.6000061,235.3333282,226.8333282,228.3000031,81129300,228.3000031
04-05-2021,2021,226.3133392,227.8166656,219.2333374,224.5333405,89217900,224.5333405
05-05-2021,2021,227.0200043,228.4333344,222.4466705,223.6466675,65705700,223.6466675
06-05-2021,2021,226.9199982,227.0066681,216.6666718,221.1799927,83353800,221.1799927
07-05-2021,2021,221.9333344,230,220.0733337,224.1233368,70407600,224.1233368
10-05-2021,2021,221.6333313,221.6833344,209.2033386,209.6799927,94177200,209.6799927
11-05-2021,2021,199.7466736,209.0333405,198.5333405,205.7333374,139511700,205.7333374
12-05-2021,2021,200.8300018,206.8033295,195.5899963,196.6300049,101470800,196.6300049
13-05-2021,2021,200.5133362,202.1533356,186.5500031,190.5633392,132554700,190.5633392
17-05-2021,2021,191.8500061,196.5766602,187.0666656,192.2766724,97171200,192.2766724
18-05-2021,2021,189.3333282,198.75,187.793335,192.6233368,110491800,192.6233368
19-05-2021,2021,184.1833344,188.7366638,182.3266602,187.8200073,118735200,187.8200073
20-05-2021,2021,191.6666718,196.2833405,190.3566742,195.593338,92463300,195.593338
21-05-2021,2021,198.7033386,198.8933258,193.3333282,193.6266632,78091800,193.6266632
24-05-2021,2021,193.8666687,204.8266602,191.2166595,202.1466675,103674300,202.1466675
25-05-2021,2021,202.4366608,204.6633301,198.5700073,201.5633392,84017700,201.5633392
26-05-2021,2021,202.5200043,208.7233276,200.5,206.3766632,85917900,206.3766632
27-05-2021,2021,206.7466736,210.3766632,205.4033356,210.2833405,79111800,210.2833405
28-05-2021,2021,209.5,211.863327,207.4600067,208.406662,68211000,208.406662
01-06-2021,2021,209.2666626,211.2666626,206.8500061,207.9666595,54254700,207.9666595
02-06-2021,2021,206.7100067,207.7866669,199.7133331,201.706665,69908400,201.706665
03-06-2021,2021,200.6000061,201.5166626,190.406662,190.9466705,90335700,190.9466705
04-06-2021,2021,193.2366638,200.2033386,192.3999939,199.6833344,72110700,199.6833344
07-06-2021,2021,197.2766724,203.3333282,194.293335,201.7100067,67631100,201.7100067
08-06-2021,2021,207.6699982,207.6966705,198.5,201.1966705,78160200,201.1966705
09-06-2021,2021,200.7233276,203.9299927,199.2100067,199.593338,49753800,199.593338
10-06-2021,2021,201.293335,205.5299988,200.1666718,203.3733368,71758800,203.3733368
11-06-2021,2021,203.4100037,204.1866608,200.5066681,203.2966614,48615900,203.2966614
14-06-2021,2021,204.0766602,208.4966736,203.0599976,205.8966675,61272000,205.8966675
15-06-2021,2021,205.5633392,205.5966644,199.4100037,199.7866669,53292300,199.7866669
16-06-2021,2021,199.1799927,202.8333282,197.8333282,201.6233368,66432300,201.6233368
17-06-2021,2021,200.6300049,207.156662,200.4466705,205.5333405,68104200,205.5333405
18-06-2021,2021,204.456665,209.4499969,203.9333344,207.7700043,73682700,207.7700043
21-06-2021,2021,208.1600037,210.4633331,202.9600067,206.9433289,74438100,206.9433289
22-06-2021,2021,206.0833282,209.5233307,205.1666718,207.9033356,57476700,207.9033356
23-06-2021,2021,210.6666718,219.0666656,210.0133362,218.8566742,93297600,218.8566742
24-06-2021,2021,224.9966736,232.5399933,222.5366669,226.6066742,137947200,226.6066742
25-06-2021,2021,229.8600006,231.2700043,222.8999939,223.956665,97490100,223.956665
28-06-2021,2021,223.8800049,231.5666656,223.4400024,229.5733337,64884600,229.5733337
29-06-2021,2021,228.2166595,229.1699982,225.2966614,226.9199982,52143900,226.9199982
30-06-2021,2021,226.5899963,230.9366608,226.0466614,226.5666656,56774700,226.5666656
01-07-2021,2021,227.9733276,229.3300018,224.2666626,225.9733276,55903500,225.9733276
02-07-2021,2021,226.3266602,233.3333282,224.4199982,226.3000031,81163500,226.3000031
06-07-2021,2021,227.2366638,228,217.1333313,219.8600006,69853500,219.8600006
07-07-2021,2021,221.4233398,221.8999939,212.7733307,214.8833313,56376000,214.8833313
08-07-2021,2021,209.456665,218.1433258,206.8200073,217.6033325,68319900,217.6033325
09-07-2021,2021,217.7266693,219.636673,214.8966675,218.9833374,54421500,218.9833374
12-07-2021,2021,220.7333374,229.0800018,220.7200012,228.5666656,77781000,228.5666656
13-07-2021,2021,228.7733307,231.093338,222.1000061,222.8466644,62898300,222.8466644
14-07-2021,2021,223.5833282,226.2033386,217.613327,217.793335,64923600,217.793335
15-07-2021,2021,219.4633331,222.0466614,212.6266632,216.8666687,60628800,216.8666687
16-07-2021,2021,218.2266693,218.8999939,214.0666656,214.7400055,49113000,214.7400055
19-07-2021,2021,209.9633331,215.7333374,207.0966644,215.406662,63891300,215.406662
20-07-2021,2021,217.3300018,220.7966614,213.5,220.1666718,46461300,220.1666718
21-07-2021,2021,219.8699951,221.6199951,216.7633362,218.4299927,41859900,218.4299927
22-07-2021,2021,218.8133392,220.7233276,214.8666687,216.4199982,45317100,216.4199982
23-07-2021,2021,215.4533386,216.2666626,212.4333344,214.4600067,43814700,214.4600067
26-07-2021,2021,216.9900055,222.7333374,215.7033386,219.206665,76009800,219.206665
27-07-2021,2021,221.1333313,222.1666718,209.0800018,214.9266663,98439900,214.9266663
28-07-2021,2021,215.6666718,218.3233337,213.1333313,215.6600037,48019800,215.6600037
29-07-2021,2021,216.5966644,227.8966675,216.2666626,225.7833405,91183800,225.7833405
30-07-2021,2021,223.9199982,232.5099945,223,229.0666656,88969200,229.0666656
02-08-2021,2021,233.3333282,242.3133392,232.8000031,236.5566711,100847400,236.5566711
03-08-2021,2021,239.6666718,240.8833313,233.6699982,236.5800018,64860900,236.5800018
04-08-2021,2021,237,241.6333313,236.3099976,236.9733276,51007800,236.9733276
05-08-2021,2021,238.6666718,240.3166656,237.136673,238.2100067,38758800,238.2100067
06-08-2021,2021,237.3000031,238.7766724,232.543335,233.0333405,46869000,233.0333405
09-08-2021,2021,236.7233276,239.6766663,235.043335,237.9199982,44145900,237.9199982
10-08-2021,2021,237.9966736,238.863327,233.9600067,236.6633301,40296900,236.6633301
11-08-2021,2021,237.5700073,238.3933258,234.7366638,235.9400024,29401800,235.9400024
12-08-2021,2021,235.4466705,240.9333344,233.1333313,240.75,52377300,240.75
13-08-2021,2021,241.2366638,243.3000031,238.113327,239.0566711,50194500,239.0566711
16-08-2021,2021,235.0233307,236.5,225.4666595,228.7233276,68032200,228.7233276
17-08-2021,2021,224.2200012,224.8600006,216.2799988,221.9033356,71163900,221.9033356
18-08-2021,2021,223.25,231.9233398,223.1166687,229.6633301,61048200,229.6633301
19-08-2021,2021,226.0700073,228.8500061,222.5299988,224.4900055,42940500,224.4900055
20-08-2021,2021,227.6166687,230.7100067,224.5666656,226.7533264,44525700,226.7533264
23-08-2021,2021,228.4799957,237.3766632,226.9166718,235.4333344,60794700,235.4333344
24-08-2021,2021,236.8933258,238.406662,234.2133331,236.1633301,39249300,236.1633301
25-08-2021,2021,235.6766663,238.9900055,234.6666718,237.0666656,37936800,237.0666656
26-08-2021,2021,236.1033325,238.4666595,232.5399933,233.7200012,39642900,233.7200012
27-08-2021,2021,235,238.3333282,234.0333405,237.3066711,41501400,237.3066711
30-08-2021,2021,238.2400055,243.6666718,237.5766602,243.636673,55812600,243.636673
31-08-2021,2021,244.3333282,246.7966614,242.1466675,245.2400055,62566200,245.2400055
01-09-2021,2021,244.6933289,247.3300018,243.7566681,244.6966705,39612900,244.6966705
02-09-2021,2021,244.8333282,246.9900055,243.5133362,244.1300049,38331900,244.1300049
03-09-2021,2021,244.0833282,244.6666718,241.3999939,244.5233307,45738300,244.5233307
07-09-2021,2021,246.6666718,253.3999939,246.4199982,250.9733276,60119400,250.9733276
08-09-2021,2021,253.8600006,254.8166656,246.9233398,251.2899933,56379000,251.2899933
09-09-2021,2021,251.136673,254.0333405,250.543335,251.6199951,42233100,251.6199951
10-09-2021,2021,253.1999969,254.2033386,244.8399963,245.4233398,45552600,245.4233398
13-09-2021,2021,246.7366638,248.2599945,236.2833405,247.6666718,68857500,247.6666718
14-09-2021,2021,247.5233307,251.4900055,245.4666595,248.1633301,55574700,248.1633301
15-09-2021,2021,248.3333282,252.2866669,246.1199951,251.9433289,46073100,251.9433289
16-09-2021,2021,250.9433289,252.9700012,249.2033386,252.3300018,41770200,252.3300018
17-09-2021,2021,252.3833313,253.6799927,250,253.1633301,84612600,253.1633301
20-09-2021,2021,244.8533325,247.3333282,239.5399933,243.3899994,74273100,243.3899994
21-09-2021,2021,244.9299927,248.2466736,243.4799957,246.4600067,48992100,246.4600067
22-09-2021,2021,247.843338,251.2233276,246.3733368,250.6466675,45378900,250.6466675
23-09-2021,2021,251.6666718,252.7333374,249.3066711,251.2133331,35842500,251.2133331
24-09-2021,2021,248.6300049,258.2666626,248.1866608,258.1300049,64119000,258.1300049
27-09-2021,2021,257.706665,266.3333435,256.436676,263.7866821,84212100,263.7866821
28-09-2021,2021,262.3999939,265.2133179,255.3933258,259.186676,76144200,259.186676
29-09-2021,2021,259.9333191,264.5,256.8933411,260.436676,62828700,260.436676
30-09-2021,2021,260.3333435,263.043335,258.3333435,258.4933472,53868000,258.4933472
01-10-2021,2021,259.4666748,260.2600098,254.5299988,258.4066772,51094200,258.4066772
04-10-2021,2021,265.5,268.9899902,258.706665,260.5100098,91449900,260.5100098
05-10-2021,2021,261.6000061,265.769989,258.0666809,260.1966553,55297800,260.1966553
06-10-2021,2021,258.7333374,262.2200012,257.7399902,260.9166565,43898400,260.9166565
07-10-2021,2021,261.8200073,268.3333435,261.1266785,264.5366821,57587400,264.5366821
08-10-2021,2021,265.4033203,265.4599915,260.3033447,261.8299866,50215800,261.8299866
11-10-2021,2021,262.5499878,267.0799866,261.8333435,263.980011,42600900,263.980011
12-10-2021,2021,266.9766541,270.7733459,265.5233459,268.5733337,66060000,268.5733337
13-10-2021,2021,270.1566772,271.8033447,268.5933228,270.3599854,42360300,270.3599854
14-10-2021,2021,271.8299866,273.4166565,271.1166687,272.7733459,36741600,272.7733459
15-10-2021,2021,274.5799866,281.0700073,274.1166687,281.0100098,56773800,281.0100098
18-10-2021,2021,283.9299927,291.7533264,283.8233337,290.0366821,72621600,290.0366821
19-10-2021,2021,292.5100098,292.6499939,287.5033264,288.0899963,52143300,288.0899963
20-10-2021,2021,288.4500122,289.8299866,285.793335,288.6000061,42096300,288.6000061
21-10-2021,2021,285.3333435,300,285.1666565,298,94444500,298
22-10-2021,2021,298.5,303.3333435,296.9866638,303.2266541,68642400,303.2266541
25-10-2021,2021,316.8433228,348.3399963,314.7333374,341.6199951,188556300,341.6199951
26-10-2021,2021,341.563324,364.980011,333.813324,339.4766541,187245000,339.4766541
27-10-2021,2021,346.5533447,356.9599915,343.5933228,345.9533386,115579500,345.9533386
28-10-2021,2021,356.1033325,360.3333435,351.3999939,359.0133362,81639600,359.0133362
29-10-2021,2021,360.6199951,371.7366638,357.7366638,371.3333435,89755200,371.3333435
01-11-2021,2021,381.6666565,403.25,372.8866577,402.8633423,168146100,402.8633423
02-11-2021,2021,386.4533386,402.8633423,382,390.6666565,128213400,390.6666565
03-11-2021,2021,392.4433289,405.1300049,384.206665,404.6199951,103885500,404.6199951
04-11-2021,2021,411.4700012,414.4966736,405.6666565,409.9700012,76192200,409.9700012
05-11-2021,2021,409.3333435,413.2900085,402.6666565,407.3633423,64886400,407.3633423
08-11-2021,2021,383.2633362,399,377.6666565,387.6466675,100337100,387.6466675
09-11-2021,2021,391.2000122,391.5,337.1733398,341.1666565,177317400,341.1666565
10-11-2021,2021,336.8033447,359.3666687,329.1033325,355.9833374,128408100,355.9833374
11-11-2021,2021,367.5899963,368.3233337,351.5599976,354.5033264,67189800,354.5033264
12-11-2021,2021,349.1666565,351.5,339.7333374,344.4733276,76719300,344.4733276
15-11-2021,2021,339.2099915,343.9933472,326.2000122,337.7966614,104326800,337.7966614
16-11-2021,2021,334.436676,352.3999939,334.0599976,351.5766602,79627200,351.5766602
17-11-2021,2021,354.5033264,373.2133179,351.8333435,363.0033264,94336200,363.0033264
18-11-2021,2021,368.8500061,370.6666565,358.3399963,365.4599915,62696700,365.4599915
19-11-2021,2021,366.2900085,379.5733337,364.2333374,379.019989,64926900,379.019989
22-11-2021,2021,387.4433289,400.6499939,377.4766541,385.6233215,99217500,385.6233215
23-11-2021,2021,389.1700134,393.5,354.2333374,369.6766663,108515100,369.6766663
24-11-2021,2021,360.1300049,377.5899963,354,372,67680600,372
26-11-2021,2021,366.4899902,369.5933228,360.3333435,360.6400146,35042700,360.6400146
29-11-2021,2021,366.9966736,380.8900146,366.730011,378.9966736,58393500,378.9966736
01-12-2021,2021,386.8999939,390.9466553,363.5866699,365,68450400,365
02-12-2021,2021,366.3533325,371,352.2166748,361.5333252,73114800,361.5333252
03-12-2021,2021,361.5966797,363.5266724,333.4033203,338.3233337,92322000,338.3233337
06-12-2021,2021,333.8366699,340.5466614,316.8333435,336.3366699,81663000,336.3366699
07-12-2021,2021,348.0666809,352.5566711,342.269989,350.5833435,56084700,350.5833435
08-12-2021,2021,350.9033203,357.4599915,344.3333435,356.3200073,41906400,356.3200073
09-12-2021,2021,353.5466614,354.1633301,334.1199951,334.6000061,59438400,334.6000061
10-12-2021,2021,336.25,340.3266602,327.5100098,339.0100098,59664300,339.0100098
13-12-2021,2021,333.6966553,335,317.1400146,322.1366577,78595500,322.1366577
14-12-2021,2021,315,322.1366577,310,319.5033264,70806300,319.5033264
15-12-2021,2021,317.7366638,326.25,309.4166565,325.3299866,75169200,325.3299866
16-12-2021,2021,331.5,331.6600037,307.2833252,308.9733276,82771500,308.9733276
17-12-2021,2021,304.9233398,320.2200012,303.0133362,310.8566589,100437300,310.8566589
20-12-2021,2021,303.5666809,307.230011,297.7966614,299.980011,56480100,299.980011
21-12-2021,2021,305.6233215,313.1666565,295.3733215,312.8433228,71517900,312.8433228
22-12-2021,2021,321.8866577,338.5533447,319.0166626,336.2900085,93634200,336.2900085
23-12-2021,2021,335.6000061,357.6600037,332.519989,355.6666565,92713200,355.6666565
27-12-2021,2021,357.8900146,372.3333435,356.9066772,364.6466675,71145900,364.6466675
28-12-2021,2021,369.8299866,373,359.4733276,362.8233337,60324000,362.8233337
29-12-2021,2021,366.2133179,368,354.7133179,362.063324,56154000,362.063324
30-12-2021,2021,353.7766724,365.1833191,351.0499878,356.7799988,47040900,356.7799988
31-12-2021,2021,357.813324,360.6666565,351.5299988,352.2600098,40733700,352.2600098
03-01-2022,2022,382.5833435,400.3566589,378.6799927,399.9266663,103931400,399.9266663
04-01-2022,2022,396.5166626,402.6666565,374.3500061,383.1966553,100248300,383.1966553
05-01-2022,2022,382.2166748,390.1133423,360.3366699,362.706665,80119800,362.706665
06-01-2022,2022,359,362.6666565,340.1666565,354.8999939,90336600,354.8999939
07-01-2022,2022,360.1233215,360.3099976,336.6666565,342.3200073,84164700,342.3200073
10-01-2022,2022,333.3333435,353.0333252,326.6666565,352.706665,91815000,352.706665
11-01-2022,2022,351.2233276,358.6166687,346.2733459,354.7999878,66063300,354.7999878
12-01-2022,2022,359.6166687,371.6133423,357.5299988,368.7399902,83739000,368.7399902
13-01-2022,2022,369.6900024,371.8666687,342.1799927,343.8533325,97209900,343.8533325
14-01-2022,2022,339.9599915,350.6666565,337.793335,349.8699951,72924300,349.8699951
18-01-2022,2022,342.2033386,356.9299927,338.686676,343.5033264,66743400,343.5033264
19-01-2022,2022,347.2366638,351.5566711,331.6666565,331.8833313,75442500,331.8833313
20-01-2022,2022,336.5766602,347.2200012,331.3333435,332.0899963,70488600,332.0899963
21-01-2022,2022,332.1133423,334.8500061,313.5,314.6333313,103416000,314.6333313
24-01-2022,2022,301.5866699,311.1700134,283.8233337,310,151565700,310
25-01-2022,2022,304.7333374,317.0866699,301.0700073,306.1333313,86595900,306.1333313
26-01-2022,2022,317.4766541,329.230011,302,312.4700012,104867400,312.4700012
27-01-2022,2022,311.1199951,311.7966614,276.3333435,276.3666687,147109500,276.3666687
28-01-2022,2022,277.186676,285.8333435,264.0033264,282.1166687,134789100,282.1166687
31-01-2022,2022,290.9033203,312.6633301,287.3500061,312.2399902,104436000,312.2399902
01-02-2022,2022,311.7366638,314.5666809,301.6666565,310.4166565,73138200,310.4166565
02-02-2022,2022,309.3933411,310.5,296.4700012,301.8866577,66792900,301.8866577
03-02-2022,2022,294,312.3333435,293.5066528,297.0466614,78855600,297.0466614
04-02-2022,2022,299.0733337,312.1666565,293.7233276,307.7733459,73625400,307.7733459
07-02-2022,2022,307.9299927,315.9233398,300.9033203,302.4466553,60994500,302.4466553
08-02-2022,2022,301.8433228,308.7633362,298.2666626,307.3333435,50729100,307.3333435
09-02-2022,2022,311.6666565,315.4233398,306.6666565,310.6666565,52259400,310.6666565
10-02-2022,2022,302.7900085,314.6033325,298.8999939,301.5166626,66126900,301.5166626
11-02-2022,2022,303.2099915,305.3200073,283.5666809,286.6666565,79645800,286.6666565
14-02-2022,2022,287.1900024,299.6266785,284.3833313,291.9200134,67756500,291.9200134
15-02-2022,2022,300,307.6666565,297.793335,307.4766541,57286200,307.4766541
16-02-2022,2022,304.6833191,308.8099976,300.4033203,307.7966614,51294300,307.7966614
17-02-2022,2022,304.4200134,306.1666565,291.3666687,292.1166687,55178400,292.1166687
18-02-2022,2022,295.3333435,295.6233215,279.2033386,285.6600037,68501700,285.6600037
22-02-2022,2022,278.043335,285.5766602,267.0333252,273.8433228,83288100,273.8433228
23-02-2022,2022,276.8099976,278.4333191,253.5200043,254.6799927,95256900,254.6799927
24-02-2022,2022,233.4633331,267.4933472,233.3333282,266.9233398,135322200,266.9233398
25-02-2022,2022,269.7433472,273.1666565,260.7999878,269.956665,76067700,269.956665
28-02-2022,2022,271.6700134,292.2866821,271.5700073,290.1433411,99006900,290.1433411
01-03-2022,2022,289.8933411,296.6266785,284.5933228,288.1233215,74766900,288.1233215
02-03-2022,2022,290.7099915,295.4933472,281.4233398,293.2966614,74643300,293.2966614
03-03-2022,2022,292.9233398,295.480011,277.5333252,279.7633362,61623600,279.7633362
04-03-2022,2022,283.0333252,285.2166748,275.0533447,279.4299927,66999600,279.4299927
07-03-2022,2022,285.4333191,288.7133179,268.1900024,268.1933289,72494100,268.1933289
08-03-2022,2022,265.1766663,283.3299866,260.7233276,274.7999878,80399100,274.7999878
09-03-2022,2022,279.8266602,286.8533325,277.3366699,286.3233337,59184000,286.3233337
11-03-2022,2022,280.0666809,281.2666626,264.5899963,265.1166687,67037100,265.1166687
14-03-2022,2022,260.2033386,266.8999939,252.0133362,255.456665,71152200,255.456665
15-03-2022,2022,258.4233398,268.5233459,252.1900024,267.2966614,66841200,267.2966614
16-03-2022,2022,269.6666565,280.6666565,267.4200134,280.0766602,84028800,280.0766602
17-03-2022,2022,276.9966736,291.6666565,275.2399902,290.5333252,66582900,290.5333252
18-03-2022,2022,291.4966736,302.6166687,289.1300049,301.7966614,100414200,301.7966614
21-03-2022,2022,304.9933472,314.2833252,302.3633423,307.0533447,81981600,307.0533447
22-03-2022,2022,310,332.6199951,307.25,331.3266602,105868500,331.3266602
23-03-2022,2022,326.6466675,346.8999939,325.4666748,333.0366821,120676200,333.0366821
24-03-2022,2022,336.5766602,341.4966736,329.6000061,337.9733276,68920800,337.9733276
25-03-2022,2022,336,340.6000061,332.4400024,336.8800049,62031600,336.8800049
28-03-2022,2022,355.0333252,365.9599915,351.2000122,363.9466553,102506100,363.9466553
29-03-2022,2022,369.3299866,371.5899963,357.7033386,366.5233459,73614900,366.5233459
30-03-2022,2022,363.7233276,371.3166809,361.3333435,364.6633301,59865000,364.6633301
31-03-2022,2022,364.8566589,367.7133179,358.8800049,359.2000122,48992700,359.2000122
01-04-2022,2022,360.3833313,364.9166565,355.5466614,361.5299988,54263100,361.5299988
04-04-2022,2022,363.1266785,383.3033447,357.5100098,381.8166809,82035900,381.8166809
05-04-2022,2022,378.7666626,384.2900085,362.4333191,363.7533264,80075100,363.7533264
06-04-2022,2022,357.8233337,359.6666565,342.5666809,348.5866699,89348400,348.5866699
07-04-2022,2022,350.7966614,358.8633423,340.5133362,352.4200134,79447200,352.4200134
08-04-2022,2022,347.7366638,349.480011,340.813324,341.8299866,55013700,341.8299866
11-04-2022,2022,326.7999878,336.1566772,324.8800049,325.3099976,59357100,325.3099976
12-04-2022,2022,332.5466614,340.3966675,325.5333252,328.9833374,65976000,328.9833374
13-04-2022,2022,327.0266724,342.0799866,324.3666687,340.7900085,55121100,340.7900085
14-04-2022,2022,333.0966797,337.5700073,327.3966675,328.3333435,58422300,328.3333435
18-04-2022,2022,329.6766663,338.3066711,324.4700012,334.7633362,51715200,334.7633362
19-04-2022,2022,335.019989,344.980011,331.7766724,342.7166748,49847700,342.7166748
20-04-2022,2022,343.3333435,344.6666565,325.0833435,325.7333374,70711200,325.7333374
21-04-2022,2022,358.2433472,364.0733337,332.1400146,336.2600098,105416400,336.2600098
22-04-2022,2022,338.3033447,344.9500122,331.3333435,335.0166626,69696600,335.0166626
25-04-2022,2022,326.3233337,336.206665,325.1000061,332.6733398,68341200,332.6733398
26-04-2022,2022,331.8099976,333.3333435,291.6666565,292.1400146,136133700,292.1400146
27-04-2022,2022,299.5266724,306,292.4533386,293.8366699,76956300,293.8366699
28-04-2022,2022,299.9933472,300,273.8999939,292.5033264,124948500,292.5033264
29-04-2022,2022,300.75,311.4666748,290,290.2533264,88133100,290.2533264
02-05-2022,2022,286.9233398,302.1199951,282.6766663,300.980011,75781500,300.980011
03-05-2022,2022,301.0599976,308.0266724,296.1966553,303.0833435,63709500,303.0833435
04-05-2022,2022,301.313324,318.5,295.0933228,317.5400085,81643800,317.5400085
05-05-2022,2022,313.0066528,315.2000122,285.8999939,291.0933228,92519100,291.0933228
06-05-2022,2022,295.6666565,296,281.0366821,288.5499878,72903000,288.5499878
09-05-2022,2022,278.8166809,281.8766785,260.3833313,262.3699951,90810300,262.3699951
10-05-2022,2022,273.1033325,275.1199951,258.0833435,266.6799927,84401700,266.6799927
11-05-2022,2022,265,269.9233398,242.3999939,244.6666718,97224600,244.6666718
12-05-2022,2022,233.6666718,253.2200012,226.6666718,242.6666718,140313000,242.6666718
13-05-2022,2022,257.8266602,262.4500122,250.5233307,256.5299988,92150700,256.5299988
16-05-2022,2022,255.7200012,256.5866699,239.6966705,241.456665,86098500,241.456665
17-05-2022,2022,249.1199951,254.8266602,242.9499969,253.8699951,80236200,253.8699951
18-05-2022,2022,248.1733398,253.5,233.6033325,236.6033325,87811800,236.6033325
19-05-2022,2022,235.6666718,244.6666718,231.3699951,236.4733276,90296700,236.4733276
20-05-2022,2022,237.9966736,240.5266724,211,221.3000031,144973200,221.3000031
23-05-2022,2022,218.3399963,226.6533356,212.6866608,224.9666595,88903500,224.9666595
24-05-2022,2022,217.843338,217.9733276,206.8566742,209.386673,89092500,209.386673
25-05-2022,2022,207.9499969,223.1066742,207.6699982,219.6000061,92139300,219.6000061
26-05-2022,2022,220.4733276,239.5566711,217.886673,235.9100037,106003200,235.9100037
27-05-2022,2022,241.0833282,253.2666626,240.1766663,253.2100067,89295000,253.2100067
31-05-2022,2022,257.9466553,259.6000061,244.7433319,252.7533264,101914500,252.7533264
01-06-2022,2022,251.7200012,257.3266602,243.6399994,246.7899933,77247900,246.7899933
02-06-2022,2022,244.156662,264.2099915,242.0666656,258.3333435,93473100,258.3333435
03-06-2022,2022,243.2266693,247.7966614,233.4166718,234.5166626,112393800,234.5166626
06-06-2022,2022,244.3533325,244.8666687,234.3500061,238.2799988,84204600,238.2799988
07-06-2022,2022,234,239.9966736,230.093338,238.886673,72808500,238.886673
08-06-2022,2022,240.0866699,249.9633331,239.1766663,241.8666687,76210500,241.8666687
09-06-2022,2022,249.3399963,255.5466614,239.3266602,239.706665,96491400,239.706665
10-06-2022,2022,235.156662,239.5,227.9133301,232.2299957,97536600,232.2299957
13-06-2022,2022,223.1666718,226.6333313,214.6833344,215.7366638,102767400,215.7366638
14-06-2022,2022,218.2866669,226.3300018,211.7366638,220.8899994,97988700,220.8899994
15-06-2022,2022,220.9166718,235.6633301,218.1499939,233,119131800,233
16-06-2022,2022,222.7366638,225.1666718,208.6933289,213.1000061,107390700,213.1000061
17-06-2022,2022,213.4333344,220.9700012,213.1966705,216.7599945,92641800,216.7599945
21-06-2022,2022,224.6033325,243.5766602,224.3333282,237.0366669,122793000,237.0366669
22-06-2022,2022,234.5033264,246.8333282,233.8266602,236.0866699,101107500,236.0866699
23-06-2022,2022,237.906662,239.3166656,228.636673,235.0700073,104202600,235.0700073
24-06-2022,2022,237.4700012,246.0666656,236.0866699,245.706665,95770800,245.706665
27-06-2022,2022,249.3666687,252.0700073,242.5666656,244.9199982,89178300,244.9199982
28-06-2022,2022,244.4833374,249.9700012,232.343338,232.6633301,90391200,232.6633301
29-06-2022,2022,230.5,231.1733398,222.2733307,228.4900055,82897200,228.4900055
30-06-2022,2022,224.5099945,229.456665,218.863327,224.4733276,94600500,224.4733276
01-07-2022,2022,227,230.2299957,222.1199951,227.2633362,74460300,227.2633362
05-07-2022,2022,223,233.1466675,216.1666718,233.0666656,84581100,233.0666656
06-07-2022,2022,230.7799988,234.5633392,227.1866608,231.7333374,71853600,231.7333374
07-07-2022,2022,233.9199982,245.363327,232.2100067,244.543335,81930600,244.543335
08-07-2022,2022,242.3333282,254.9799957,241.1600037,250.7633362,101854200,250.7633362
11-07-2022,2022,252.1033325,253.0633392,233.6266632,234.343338,99241200,234.343338
12-07-2022,2022,236.8466644,239.7733307,228.3699951,233.0700073,87930900,233.0700073
13-07-2022,2022,225.5,242.0599976,225.0333405,237.0399933,97954500,237.0399933
14-07-2022,2022,234.8966675,238.6533356,229.3333282,238.3133392,78557400,238.3133392
15-07-2022,2022,240,243.6233368,236.8899994,240.0666656,69683100,240.0666656
18-07-2022,2022,244.9366608,250.5166626,239.6033325,240.5466614,82537500,240.5466614
19-07-2022,2022,245,247.1399994,236.9766693,245.5299988,80890200,245.5299988
20-07-2022,2022,246.7833405,250.6633301,243.4833374,247.5,88864200,247.5
21-07-2022,2022,255.1066742,273.2666626,254.8666687,271.706665,142032300,271.706665
22-07-2022,2022,276.2200012,280.7866821,270.7133179,272.2433472,103472700,272.2433472
25-07-2022,2022,272.2166748,274.1466675,267.3999939,268.4333191,64073400,268.4333191
26-07-2022,2022,266.5133362,267.3099976,256.2633362,258.8599854,66820800,258.8599854
27-07-2022,2022,263.8099976,275.9266663,261.7900085,274.8200073,88110000,274.8200073
28-07-2022,2022,280.0666809,283.2999878,272.7999878,280.8999939,84723000,280.8999939
29-07-2022,2022,280.7000122,298.3200073,279.1000061,297.1499939,95313000,297.1499939
01-08-2022,2022,301.2766724,311.8766785,295,297.2766724,117042900,297.2766724
02-08-2022,2022,294.0033264,307.8333435,292.6666565,300.5866699,95577600,300.5866699
03-08-2022,2022,305,309.5499878,301.1499939,307.3966675,80091000,307.3966675
04-08-2022,2022,311,313.6066589,305,308.6333313,72256200,308.6333313
05-08-2022,2022,302.6700134,304.6066589,285.543335,288.1700134,113172900,288.1700134
08-08-2022,2022,295,305.2000122,289.0866699,290.4233398,98994000,290.4233398
09-08-2022,2022,290.293335,292.3966675,279.3533325,283.3333435,86244600,283.3333435
10-08-2022,2022,297.0666809,297.5100098,283.3699951,294.3566589,94918800,294.3566589
11-08-2022,2022,296.5133362,298.2366638,285.8333435,286.6300049,70155000,286.6300049
12-08-2022,2022,289.4166565,300.1600037,285.0333252,300.0299988,79657200,300.0299988
15-08-2022,2022,301.7866821,313.1333313,301.230011,309.3200073,89359200,309.3200073
16-08-2022,2022,311.6666565,314.6666565,302.8833313,306.563324,88136400,306.563324
17-08-2022,2022,303.3966675,309.6566772,300.0333252,303.9966736,68766000,303.9966736
18-08-2022,2022,306,306.5,301.8533325,302.8699951,47500500,302.8699951
19-08-2022,2022,299,300.3599854,292.5,296.6666565,61395300,296.6666565
22-08-2022,2022,291.9133301,292.3999939,286.2966614,289.9133301,55843200,289.9133301
23-08-2022,2022,291.4533386,298.8266602,287.9233398,296.4533386,63984900,296.4533386
24-08-2022,2022,297.563324,303.6466675,296.5,297.0966797,57259800,297.0966797
25-08-2022,2022,302.3599854,302.9599915,291.6000061,296.0700073,53230000,296.0700073
26-08-2022,2022,297.4299927,302,287.4700012,288.0899963,57163900,288.0899963
29-08-2022,2022,282.8299866,287.7399902,280.7000122,284.8200073,41864700,284.8200073
30-08-2022,2022,287.8699951,288.480011,272.6499939,277.7000122,50541800,277.7000122
31-08-2022,2022,280.6199951,281.25,271.8099976,275.6099854,52107300,275.6099854
01-09-2022,2022,272.5799866,277.5799866,266.1499939,277.1600037,54287000,277.1600037
02-09-2022,2022,281.0700073,282.3500061,269.0799866,270.2099915,50890100,270.2099915
06-09-2022,2022,272.6799927,275.9899902,265.7399902,274.4200134,55860000,274.4200134
07-09-2022,2022,273.1000061,283.8399963,272.269989,283.7000122,50028900,283.7000122
08-09-2022,2022,281.2999878,289.5,279.7600098,289.2600098,53713100,289.2600098
09-09-2022,2022,291.6700134,299.8500061,291.25,299.6799927,54338100,299.6799927
12-09-2022,2022,300.7200012,305.4899902,300.3999939,304.4200134,48674600,304.4200134
13-09-2022,2022,292.8999939,297.3999939,290.3999939,292.1300049,68229600,292.1300049
14-09-2022,2022,292.2399902,306,291.6400146,302.6099854,72628700,302.6099854
15-09-2022,2022,301.8299866,309.1199951,300.7200012,303.75,64795500,303.75
16-09-2022,2022,299.6099854,303.7099915,295.6000061,303.3500061,87087800,303.3500061
19-09-2022,2022,300.0899963,309.8399963,297.7999878,309.0700073,60231200,309.0700073
20-09-2022,2022,306.9100037,313.3299866,305.5799866,308.730011,61642800,308.730011
21-09-2022,2022,308.2900085,313.7999878,300.6300049,300.7999878,62555700,300.7999878
22-09-2022,2022,299.8599854,301.2900085,285.8200073,288.5899963,70545400,288.5899963
23-09-2022,2022,283.0899963,284.5,272.8200073,275.3299866,63748400,275.3299866
27-09-2022,2022,283.8399963,288.6700134,277.5100098,282.9400024,61925200,282.9400024
28-09-2022,2022,283.0799866,289,277.5700073,287.8099976,54664800,287.8099976
29-09-2022,2022,282.7600098,283.6499939,265.7799988,268.2099915,77620600,268.2099915
30-09-2022,2022,266.1499939,275.5700073,262.4700012,265.25,67726600,265.25
03-10-2022,2022,254.5,255.1600037,241.0099945,242.3999939,98363500,242.3999939
04-10-2022,2022,250.5200043,257.5,242.0099945,249.4400024,109578500,249.4400024
05-10-2022,2022,245.0099945,246.6699982,233.2700043,240.8099976,86982700,240.8099976
06-10-2022,2022,239.4400024,244.5800018,235.3500061,238.1300049,69298400,238.1300049
07-10-2022,2022,233.9400024,234.5700073,222.0200043,223.0700073,83916800,223.0700073
10-10-2022,2022,223.9299927,226.9900055,218.3600006,222.9600067,67925000,222.9600067
11-10-2022,2022,220.9499969,225.75,215,216.5,77013200,216.5
12-10-2022,2022,215.3300018,219.3000031,211.5099945,217.2400055,66860700,217.2400055
13-10-2022,2022,208.3000031,222.9900055,206.2200012,221.7200012,91483000,221.7200012
14-10-2022,2022,224.0099945,226.2599945,204.1600037,204.9900055,94124500,204.9900055
17-10-2022,2022,210.0399933,221.8600006,209.4499969,219.3500061,79428800,219.3500061
18-10-2022,2022,229.5,229.8200073,217.25,220.1900024,75891900,220.1900024
19-10-2022,2022,219.8000031,222.9299927,217.7799988,222.0399933,66571500,222.0399933
20-10-2022,2022,208.2799988,215.5500031,202,207.2799988,117798100,207.2799988
21-10-2022,2022,206.4199982,214.6600037,203.8000031,214.4400024,75713800,214.4400024
24-10-2022,2022,205.8200073,213.5,198.5899963,211.25,100446800,211.25
25-10-2022,2022,210.1000061,224.3500061,210,222.4199982,96507900,222.4199982
26-10-2022,2022,219.3999939,230.6000061,218.1999969,224.6399994,85012500,224.6399994
27-10-2022,2022,229.7700043,233.8099976,222.8500061,225.0899963,61638800,225.0899963
28-10-2022,2022,225.3999939,228.8600006,216.3500061,228.5200043,69152400,228.5200043
31-10-2022,2022,226.1900024,229.8500061,221.9400024,227.5399933,61554300,227.5399933
01-11-2022,2022,234.0500031,237.3999939,227.2799988,227.8200073,62688800,227.8200073
02-11-2022,2022,226.0399933,227.8699951,214.8200073,214.9799957,63070300,214.9799957
03-11-2022,2022,211.3600006,221.1999969,210.1399994,215.3099976,56538800,215.3099976
04-11-2022,2022,222.6000061,223.8000031,203.0800018,207.4700012,98622200,207.4700012
07-11-2022,2022,208.6499939,208.8999939,196.6600037,197.0800018,93916500,197.0800018
08-11-2022,2022,194.0200043,195.1999969,186.75,191.3000031,128803400,191.3000031
09-11-2022,2022,190.7799988,195.8899994,177.1199951,177.5899963,127062700,177.5899963
10-11-2022,2022,189.8999939,191,180.0299988,190.7200012,132703000,190.7200012
11-11-2022,2022,186,196.5200043,182.5899963,195.9700012,114403600,195.9700012
14-11-2022,2022,192.7700043,195.7299957,186.3399963,190.9499969,92226600,190.9499969
15-11-2022,2022,195.8800049,200.8200073,192.0599976,194.4199982,91293800,194.4199982
16-11-2022,2022,191.5099945,192.5700073,185.6600037,186.9199982,66567600,186.9199982
17-11-2022,2022,183.9600067,186.1600037,180.8999939,183.1699982,64336000,183.1699982
18-11-2022,2022,185.0500031,185.1900024,176.5500031,180.1900024,76048900,180.1900024
21-11-2022,2022,175.8500061,176.7700043,167.5399933,167.8699951,92882700,167.8699951
22-11-2022,2022,168.6300049,170.9199982,166.1900024,169.9100037,78452300,169.9100037
23-11-2022,2022,173.5700073,183.6199951,172.5,183.1999969,109536700,183.1999969
25-11-2022,2022,185.0599976,185.1999969,180.6300049,182.8600006,50672700,182.8600006
28-11-2022,2022,179.9600067,188.5,179,182.9199982,92905200,182.9199982
29-11-2022,2022,184.9900055,186.3800049,178.75,180.8300018,83357100,180.8300018
30-11-2022,2022,182.4299927,194.7599945,180.6300049,194.6999969,109186400,194.6999969
01-12-2022,2022,197.0800018,198.9199982,191.8000031,194.6999969,80046200,194.6999969
02-12-2022,2022,191.7799988,196.25,191.1100006,194.8600006,73645900,194.8600006
05-12-2022,2022,189.4400024,191.2700043,180.5500031,182.4499969,93122700,182.4499969
06-12-2022,2022,181.2200012,183.6499939,175.3300018,179.8200073,92150800,179.8200073
07-12-2022,2022,175.0299988,179.3800049,172.2200012,174.0399933,84213300,174.0399933
08-12-2022,2022,172.1999969,175.1999969,169.0599976,173.4400024,97624500,173.4400024
09-12-2022,2022,173.8399963,182.5,173.3600006,179.0500031,104872300,179.0500031
12-12-2022,2022,176.1000061,177.3699951,167.5200043,167.8200073,109794500,167.8200073
13-12-2022,2022,174.8699951,175.0500031,156.9100037,160.9499969,175862700,160.9499969
14-12-2022,2022,159.25,161.6199951,155.3099976,156.8000031,140682300,156.8000031
15-12-2022,2022,153.4400024,160.9299927,153.2799988,157.6699982,122334500,157.6699982
16-12-2022,2022,159.6399994,160.9900055,150.0399933,150.2299957,139032200,150.2299957
19-12-2022,2022,154,155.25,145.8200073,149.8699951,139390600,149.8699951
20-12-2022,2022,146.0500031,148.4700012,137.6600037,137.8000031,159563300,137.8000031
21-12-2022,2022,139.3399963,141.2599945,135.8899994,137.5700073,145417400,137.5700073
22-12-2022,2022,136,136.6300049,122.2600021,125.3499985,210090300,125.3499985
23-12-2022,2022,126.3700027,128.6199951,121.0199966,123.1500015,166989700,123.1500015
27-12-2022,2022,117.5,119.6699982,108.7600021,109.0999985,208643400,109.0999985
28-12-2022,2022,110.3499985,116.2699966,108.2399979,112.7099991,221070500,112.7099991
29-12-2022,2022,120.3899994,123.5699997,117.5,121.8199997,221923300,121.8199997
30-12-2022,2022,119.9499969,124.4800034,119.75,123.1800003,157777300,123.1800003
03-01-2023,2023,118.4700012,118.8000031,104.6399994,108.0999985,231402800,108.0999985
05-01-2023,2023,110.5100021,111.75,107.1600037,110.3399963,157986300,110.3399963
06-01-2023,2023,103,114.3899994,101.8099976,113.0599976,220911100,113.0599976
09-01-2023,2023,118.9599991,123.5199966,117.1100006,119.7699966,190284000,119.7699966
10-01-2023,2023,121.0699997,122.7600021,114.9199982,118.8499985,167642500,118.8499985
11-01-2023,2023,122.0899963,125.9499969,120.5100021,123.2200012,183810800,123.2200012
12-01-2023,2023,122.5599976,124.1299973,117,123.5599976,169400900,123.5599976
13-01-2023,2023,116.5500031,122.6299973,115.5999985,122.4000015,180714100,122.4000015
17-01-2023,2023,125.6999969,131.6999969,125.0199966,131.4900055,186477000,131.4900055
18-01-2023,2023,136.5599976,136.6799927,127.0100021,128.7799988,195680300,128.7799988
19-01-2023,2023,127.2600021,129.9900055,124.3099976,127.1699982,170291900,127.1699982
20-01-2023,2023,128.6799927,133.5099945,127.3499985,133.4199982,138858100,133.4199982
23-01-2023,2023,135.8699951,145.3800049,134.2700043,143.75,203119200,143.75
24-01-2023,2023,143,146.5,141.1000061,143.8899994,158699100,143.8899994
25-01-2023,2023,141.9100037,146.4100037,138.0700073,144.4299927,192734300,144.4299927
26-01-2023,2023,159.9700012,161.4199982,154.7599945,160.2700043,234815100,160.2700043
27-01-2023,2023,162.4299927,180.6799927,161.1699982,177.8999939,306590600,177.8999939
30-01-2023,2023,178.0500031,179.7700043,166.5,166.6600037,230878800,166.6600037
31-01-2023,2023,164.5700073,174.3000031,162.7799988,173.2200012,196813500,173.2200012
01-02-2023,2023,173.8899994,183.8099976,169.9299927,181.4100037,213806300,181.4100037
02-02-2023,2023,187.3300018,196.75,182.6100006,188.2700043,217448300,188.2700043
03-02-2023,2023,183.9499969,199,183.6900024,189.9799957,232662000,189.9799957
06-02-2023,2023,193.0099945,198.1699982,189.9199982,194.7599945,186188100,194.7599945
07-02-2023,2023,196.4299927,197.5,189.5500031,196.8099976,186010300,196.8099976
08-02-2023,2023,196.1000061,203,194.3099976,201.2899933,180673600,201.2899933
09-02-2023,2023,207.7799988,214,204.7700043,207.3200073,215431400,207.3200073
10-02-2023,2023,202.2299957,206.1999969,192.8899994,196.8899994,204754100,196.8899994
13-02-2023,2023,194.4199982,196.3000031,187.6100006,194.6399994,172475500,194.6399994
14-02-2023,2023,191.9400024,209.8200073,189.4400024,209.25,216455700,209.25
15-02-2023,2023,211.7599945,214.6600037,206.1100006,214.2400055,181006400,214.2400055
16-02-2023,2023,210.7799988,217.6499939,201.8399963,202.0399933,229586500,202.0399933
17-02-2023,2023,199.9900055,208.4400024,197.5,208.3099976,213738500,208.3099976
21-02-2023,2023,204.9900055,209.7100067,197.2200012,197.3699951,180018600,197.3699951
22-02-2023,2023,197.9299927,201.9900055,191.7799988,200.8600006,191828500,200.8600006
23-02-2023,2023,203.9100037,205.1399994,196.3300018,202.0700073,146360000,202.0700073
24-02-2023,2023,196.3300018,197.6699982,192.8000031,196.8800049,142228100,196.8800049
27-02-2023,2023,202.0299988,209.4199982,201.2599945,207.6300049,161028300,207.6300049
28-02-2023,2023,210.5899963,211.2299957,203.75,205.7100067,153144900,205.7100067
01-03-2023,2023,206.2100067,207.1999969,198.5200043,202.7700043,156852800,202.7700043
02-03-2023,2023,186.7400055,193.75,186.0099945,190.8999939,181500700,190.8999939
03-03-2023,2023,194.8000031,200.4799957,192.8800049,197.7899933,154193300,197.7899933
06-03-2023,2023,198.5399933,198.6000061,192.3000031,193.8099976,128100100,193.8099976
07-03-2023,2023,191.3800049,194.1999969,186.1000061,187.7100067,148125800,187.7100067
08-03-2023,2023,185.0399933,186.5,180,182,151897800,182
09-03-2023,2023,180.25,185.1799927,172.5099945,172.9199982,170023800,172.9199982
10-03-2023,2023,175.1300049,178.2899933,168.4400024,173.4400024,191488900,173.4400024
13-03-2023,2023,167.4600067,177.3500061,163.9100037,174.4799957,167790300,174.4799957
14-03-2023,2023,177.3099976,183.8000031,177.1399994,183.2599945,143717900,183.2599945
15-03-2023,2023,180.8000031,182.3399963,176.0299988,180.4499969,145995600,180.4499969
16-03-2023,2023,180.3699951,185.8099976,178.8399963,184.1300049,121136800,184.1300049
17-03-2023,2023,184.5200043,186.2200012,177.3300018,180.1300049,133197100,180.1300049
20-03-2023,2023,178.0800018,186.4400024,176.3500061,183.25,129684400,183.25
21-03-2023,2023,188.2799988,198,188.0399933,197.5800018,153391400,197.5800018
22-03-2023,2023,199.3000031,200.6600037,190.9499969,191.1499939,150376400,191.1499939
23-03-2023,2023,195.2599945,199.3099976,188.6499939,192.2200012,144193900,192.2200012
24-03-2023,2023,191.6499939,192.3600006,187.1499939,190.4100037,116312400,190.4100037
27-03-2023,2023,194.4199982,197.3899994,189.9400024,191.8099976,120851600,191.8099976
28-03-2023,2023,192,192.3500061,185.4299927,189.1900024,98654600,189.1900024
29-03-2023,2023,193.1300049,195.2899933,189.4400024,193.8800049,123660000,193.8800049
30-03-2023,2023,195.5800018,197.3300018,194.4199982,195.2799988,110252200,195.2799988
31-03-2023,2023,197.5299988,207.7899933,197.1999969,207.4600067,170222100,207.4600067
03-04-2023,2023,199.9100037,202.6900024,192.1999969,194.7700043,169545900,194.7700043
04-04-2023,2023,197.3200073,198.7400055,190.3200073,192.5800018,126463800,192.5800018
05-04-2023,2023,190.5200043,190.6799927,183.7599945,185.5200043,133882500,185.5200043
06-04-2023,2023,183.0800018,186.3899994,179.7400055,185.0599976,123857900,185.0599976
10-04-2023,2023,179.9400024,185.1000061,176.1100006,184.5099945,142154600,184.5099945
11-04-2023,2023,186.6900024,189.1900024,185.6499939,186.7899933,115770900,186.7899933
12-04-2023,2023,190.7400055,191.5800018,180.3099976,180.5399933,150256300,180.5399933
13-04-2023,2023,182.9600067,186.5,180.9400024,185.8999939,112933000,185.8999939
17-04-2023,2023,186.3200073,189.6900024,182.6900024,187.0399933,116662200,187.0399933
18-04-2023,2023,187.1499939,187.6900024,183.5800018,184.3099976,92067000,184.3099976
19-04-2023,2023,179.1000061,183.5,177.6499939,180.5899963,125732700,180.5899963
20-04-2023,2023,166.1699982,169.6999969,160.5599976,162.9900055,210970800,162.9900055
21-04-2023,2023,164.8000031,166,161.3200073,165.0800018,123539000,165.0800018
24-04-2023,2023,164.6499939,165.6499939,158.6100006,162.5500031,140006600,162.5500031
25-04-2023,2023,159.8200073,163.4700012,158.75,160.6699982,121999300,160.6699982
26-04-2023,2023,160.2899933,160.6699982,153.1399994,153.75,153364100,153.75
27-04-2023,2023,152.6399994,160.4799957,152.3699951,160.1900024,127015200,160.1900024
28-04-2023,2023,160.8999939,165,157.3200073,164.3099976,122515800,164.3099976
01-05-2023,2023,163.1699982,163.2799988,158.8300018,161.8300018,109015000,161.8300018
02-05-2023,2023,161.8800049,165.4900055,158.9299927,160.3099976,128259700,160.3099976
03-05-2023,2023,160.0099945,165,159.9100037,160.6100006,119728000,160.6100006
04-05-2023,2023,162.7100067,162.9499969,159.6499939,161.1999969,95108500,161.1999969
05-05-2023,2023,163.9700012,170.7899933,163.5099945,170.0599976,107440900,170.0599976
08-05-2023,2023,173.7200012,173.8000031,169.1900024,171.7899933,112249400,171.7899933
09-05-2023,2023,168.9499969,169.8200073,166.5599976,169.1499939,88965000,169.1499939
10-05-2023,2023,172.5500031,174.4299927,166.6799927,168.5399933,119840700,168.5399933
11-05-2023,2023,168.6999969,173.5700073,166.7899933,172.0800018,103889900,172.0800018
12-05-2023,2023,176.0700073,177.3800049,167.2299957,167.9799957,157577100,167.9799957
15-05-2023,2023,167.6600037,169.7599945,164.5500031,166.3500061,105592500,166.3500061
16-05-2023,2023,165.6499939,169.5200043,164.3500061,166.5200043,98288800,166.5200043
17-05-2023,2023,168.4100037,174.5,167.1900024,173.8600006,125473600,173.8600006
18-05-2023,2023,174.2200012,177.0599976,172.4499969,176.8899994,109520300,176.8899994
19-05-2023,2023,177.1699982,181.9499969,176.3099976,180.1399994,136024200,180.1399994
22-05-2023,2023,180.6999969,189.3200073,180.1100006,188.8699951,132001400,188.8699951
23-05-2023,2023,186.1999969,192.9600067,185.2599945,185.7700043,156952100,185.7700043
24-05-2023,2023,182.2299957,184.2200012,178.2200012,182.8999939,137605100,182.8999939
25-05-2023,2023,186.5399933,186.7799988,180.5800018,184.4700012,96870700,184.4700012
26-05-2023,2023,184.6199951,198.6000061,184.5299988,193.1699982,162061500,193.1699982
30-05-2023,2023,200.1000061,204.4799957,197.5299988,201.1600037,128818700,201.1600037
31-05-2023,2023,199.7799988,203.9499969,195.1199951,203.9299927,150711700,203.9299927
01-06-2023,2023,202.5899963,209.8000031,199.3699951,207.5200043,148029900,207.5200043
02-06-2023,2023,210.1499939,217.25,209.75,213.9700012,164129000,213.9700012
05-06-2023,2023,217.8000031,221.2899933,214.5200043,217.6100006,151143100,217.6100006
06-06-2023,2023,216.1399994,221.9100037,212.5299988,221.3099976,146911600,221.3099976
07-06-2023,2023,228,230.8300018,223.1999969,224.5700073,185710800,224.5700073
08-06-2023,2023,224.2200012,235.2299957,223.0099945,234.8600006,164489700,234.8600006
09-06-2023,2023,249.0700073,252.4199982,242.0200043,244.3999939,199882300,244.3999939
12-06-2023,2023,247.9400024,250.9700012,244.5899963,249.8300018,150337900,249.8300018
13-06-2023,2023,253.5099945,259.6799927,251.3399963,258.7099915,162384300,258.7099915
14-06-2023,2023,260.1700134,261.5700073,250.5,256.7900085,170575500,256.7900085
15-06-2023,2023,248.3999939,258.9500122,247.2899933,255.8999939,160171200,255.8999939
16-06-2023,2023,258.9200134,263.6000061,257.2099915,260.5400085,167563700,260.5400085
20-06-2023,2023,261.5,274.75,261.1199951,274.4500122,165611200,274.4500122
21-06-2023,2023,275.1300049,276.9899902,257.7799988,259.4599915,211797100,259.4599915
22-06-2023,2023,250.7700043,265,248.25,264.6099854,166875900,264.6099854
23-06-2023,2023,259.2900085,262.4500122,252.8000031,256.6000061,176584100,256.6000061
26-06-2023,2023,250.0700073,258.3699951,240.6999969,241.0500031,179990600,241.0500031
27-06-2023,2023,243.2400055,250.3899994,240.8500061,250.2100067,164968200,250.2100067
28-06-2023,2023,249.6999969,259.8800049,248.8899994,256.2399902,159770800,256.2399902
29-06-2023,2023,258.0299988,260.7399902,253.6100006,257.5,131283400,257.5
30-06-2023,2023,260.6000061,264.4500122,259.8900146,261.769989,112267600,261.769989
03-07-2023,2023,276.4899902,284.25,275.1099854,279.8200073,119685900,279.8200073
05-07-2023,2023,278.8200073,283.8500061,277.6000061,282.480011,131530900,282.480011
06-07-2023,2023,278.0899963,279.9700012,272.8800049,276.5400085,120332100,276.5400085
07-07-2023,2023,278.4299927,280.7799988,273.769989,274.4299927,113602000,274.4299927
10-07-2023,2023,276.4700012,277.519989,265.1000061,269.6099854,119425400,269.6099854
11-07-2023,2023,268.6499939,270.8999939,266.3699951,269.7900085,91972400,269.7900085
12-07-2023,2023,276.3299866,276.519989,271.4599915,271.9899902,95672100,271.9899902
13-07-2023,2023,274.5899963,279.4500122,270.6000061,277.8999939,112681500,277.8999939
14-07-2023,2023,277.0100098,285.2999878,276.3099976,281.3800049,119771100,281.3800049
17-07-2023,2023,286.6300049,292.230011,283.5700073,290.3800049,131569600,290.3800049
18-07-2023,2023,290.1499939,295.2600098,286.0100098,293.3399963,112434700,293.3399963
19-07-2023,2023,296.0400085,299.2900085,289.519989,291.2600098,142355400,291.2600098
20-07-2023,2023,279.5599976,280.9299927,261.2000122,262.8999939,175158300,262.8999939
21-07-2023,2023,268,268,255.8000031,260.019989,161050100,260.019989
24-07-2023,2023,255.8500061,269.8500061,254.1199951,269.0599976,136508500,269.0599976
25-07-2023,2023,272.3800049,272.8999939,265,265.2799988,112757300,265.2799988
26-07-2023,2023,263.25,268.0400085,261.75,264.3500061,95856200,264.3500061
27-07-2023,2023,268.3099976,269.1300049,255.3000031,255.7100067,103697300,255.7100067
28-07-2023,2023,259.8599854,267.25,258.230011,266.4400024,111446000,266.4400024
31-07-2023,2023,267.480011,269.0799866,263.7799988,267.4299927,84582200,267.4299927
01-08-2023,2023,266.2600098,266.4700012,260.25,261.0700073,83166000,261.0700073
02-08-2023,2023,255.5700073,259.519989,250.4900055,254.1100006,101752900,254.1100006
03-08-2023,2023,252.0399933,260.4899902,252,259.3200073,97569100,259.3200073
04-08-2023,2023,260.9700012,264.769989,253.1100006,253.8600006,99242600,253.8600006
07-08-2023,2023,251.4499969,253.6499939,242.7599945,251.4499969,111097900,251.4499969
08-08-2023,2023,247.4499969,250.9199982,245.0099945,249.6999969,96642200,249.6999969
09-08-2023,2023,250.8699951,251.1000061,241.8999939,242.1900024,101596300,242.1900024
10-08-2023,2023,245.3999939,251.8000031,243,245.3399963,109498600,245.3399963
11-08-2023,2023,241.7700043,243.7899933,238.0200043,242.6499939,98866600,242.6499939
14-08-2023,2023,235.6999969,240.6600037,233.75,239.7599945,98595300,239.7599945
15-08-2023,2023,238.7299957,240.5,232.6100006,232.9600067,88197600,232.9600067
16-08-2023,2023,228.0200043,233.9700012,225.3800049,225.6000061,112484500,225.6000061
17-08-2023,2023,226.0599976,226.7400055,218.8300018,219.2200012,120718400,219.2200012
18-08-2023,2023,214.1199951,217.5800018,212.3600006,215.4900055,135813700,215.4900055
21-08-2023,2023,221.5500031,232.1300049,220.5800018,231.2799988,135702700,231.2799988
22-08-2023,2023,240.25,240.8200073,229.5500031,233.1900024,130597900,233.1900024
23-08-2023,2023,229.3399963,238.9799957,229.2899933,236.8600006,101077600,236.8600006
24-08-2023,2023,238.6600037,238.9199982,228.1799927,230.0399933,99777400,230.0399933
25-08-2023,2023,231.3099976,239,230.3500061,238.5899963,106612200,238.5899963
28-08-2023,2023,242.5800018,244.3800049,235.3500061,238.8200073,107673700,238.8200073
29-08-2023,2023,238.5800018,257.480011,237.7700043,257.1799927,134047600,257.1799927
30-08-2023,2023,254.1999969,260.5100098,250.5899963,256.8999939,121988400,256.8999939
31-08-2023,2023,255.9799957,261.1799927,255.0500031,258.0799866,108861700,258.0799866
01-09-2023,2023,257.2600098,259.0799866,242.0099945,245.0099945,132272500,245.0099945
05-09-2023,2023,245,258,244.8600006,256.4899902,129469600,256.4899902
06-09-2023,2023,255.1399994,255.3899994,245.0599976,251.9199982,116959800,251.9199982
07-09-2023,2023,245.0700073,252.8099976,243.2700043,251.4900055,115312900,251.4900055
08-09-2023,2023,251.2200012,256.519989,246.6699982,248.5,118367700,248.5
11-09-2023,2023,264.269989,274.8500061,260.6099854,273.5799866,174667900,273.5799866
12-09-2023,2023,270.7600098,278.3900146,266.6000061,267.480011,135999900,267.480011
13-09-2023,2023,270.0700073,274.980011,268.1000061,271.2999878,111673700,271.2999878
14-09-2023,2023,271.3200073,276.7099915,270.4200134,276.0400085,107709800,276.0400085
15-09-2023,2023,277.5499878,278.980011,271,274.3900146,133422800,274.3900146
18-09-2023,2023,271.1600037,271.4400024,263.7600098,265.2799988,101543300,265.2799988
19-09-2023,2023,264.3500061,267.8500061,261.2000122,266.5,103704000,266.5
20-09-2023,2023,267.0400085,273.9299927,262.4599915,262.5899963,122514600,262.5899963
21-09-2023,2023,257.8500061,260.8599854,254.2100067,255.6999969,119531000,255.6999969
22-09-2023,2023,257.3999939,257.7900085,244.4799957,244.8800049,127524100,244.8800049
25-09-2023,2023,243.3800049,247.1000061,238.3099976,246.9900055,104636600,246.9900055
26-09-2023,2023,242.9799957,249.5500031,241.6600037,244.1199951,101993600,244.1199951
27-09-2023,2023,244.2599945,245.3300018,234.5800018,240.5,136597200,240.5
28-09-2023,2023,240.0200043,247.5500031,238.6499939,246.3800049,117058900,246.3800049
29-09-2023,2023,250,254.7700043,246.3500061,250.2200012,128346200,250.2200012
02-10-2023,2023,244.8099976,254.2799988,242.6199951,251.6000061,123810400,251.6000061
03-10-2023,2023,248.6100006,250.0200043,244.4499969,246.5299988,101985300,246.5299988
04-10-2023,2023,248.1399994,261.8599854,247.6000061,261.1600037,129721600,261.1600037
05-10-2023,2023,260,263.6000061,256.25,260.0499878,119159200,260.0499878
06-10-2023,2023,253.9799957,261.6499939,250.6499939,260.5299988,117947000,260.5299988
09-10-2023,2023,255.3099976,261.3599854,252.0500031,259.6700134,101377900,259.6700134
10-10-2023,2023,257.75,268.9400024,257.6499939,263.6199951,122656000,263.6199951
11-10-2023,2023,266.2000122,268.6000061,260.8999939,262.9899902,103706300,262.9899902
12-10-2023,2023,262.9200134,265.4100037,256.6300049,258.8699951,111508100,258.8699951
13-10-2023,2023,258.8999939,259.6000061,250.2200012,251.1199951,102073800,251.1199951
16-10-2023,2023,250.0500031,255.3999939,248.4799957,253.9199982,88917200,253.9199982
17-10-2023,2023,250.1000061,257.1799927,247.0800018,254.8500061,93562900,254.8500061
18-10-2023,2023,252.6999969,254.6300049,242.0800018,242.6799927,125147800,242.6799927
19-10-2023,2023,225.9499969,230.6100006,216.7799988,220.1100006,170772700,220.1100006
20-10-2023,2023,217.0099945,218.8600006,210.4199982,211.9900055,137734000,211.9900055
23-10-2023,2023,210,216.9799957,202.5099945,212.0800018,150683400,212.0800018
24-10-2023,2023,216.5,222.0500031,214.1100006,216.5200043,118231100,216.5200043
25-10-2023,2023,215.8800049,220.1000061,212.1999969,212.4199982,107065100,212.4199982
26-10-2023,2023,211.3200073,214.8000031,204.8800049,205.7599945,115112600,205.7599945
27-10-2023,2023,210.6000061,212.4100037,205.7700043,207.3000031,94881200,207.3000031
30-10-2023,2023,209.2799988,210.8800049,194.6699982,197.3600006,136448200,197.3600006
01-11-2023,2023,204.0399933,205.9900055,197.8500061,205.6600037,121661700,205.6600037
02-11-2023,2023,212.9700012,219.1999969,211.4499969,218.5099945,125987600,218.5099945
03-11-2023,2023,221.1499939,226.3699951,218.3999939,219.9600067,119281000,219.9600067
06-11-2023,2023,223.9799957,226.3200073,215,219.2700043,117335800,219.2700043
07-11-2023,2023,219.9799957,223.1199951,215.7200012,222.1799927,116900100,222.1799927
08-11-2023,2023,223.1499939,224.1499939,217.6399994,222.1100006,106584800,222.1100006
09-11-2023,2023,219.75,220.8000031,206.6799927,209.9799957,142110500,209.9799957
10-11-2023,2023,210.0299988,215.3800049,205.6900024,214.6499939,130994000,214.6499939
13-11-2023,2023,215.6000061,225.3999939,211.6100006,223.7100067,140447600,223.7100067
14-11-2023,2023,235.0299988,238.1399994,230.7200012,237.4100037,149771600,237.4100037
15-11-2023,2023,239.2899933,246.6999969,236.4499969,242.8399963,150354000,242.8399963
16-11-2023,2023,239.4900055,240.8800049,230.9600067,233.5899963,136816800,233.5899963
17-11-2023,2023,232,237.3899994,226.5399933,234.3000031,142532800,234.3000031
20-11-2023,2023,234.0399933,237.1000061,231.0200043,235.6000061,116320100,235.6000061
21-11-2023,2023,235.0399933,243.6199951,233.3399963,241.1999969,122288000,241.1999969
22-11-2023,2023,242.0399933,244.0099945,231.3999939,234.2100067,117950600,234.2100067
24-11-2023,2023,233.75,238.75,232.3300018,235.4499969,65125200,235.4499969
27-11-2023,2023,236.8899994,238.3300018,232.1000061,236.0800018,112031800,236.0800018
28-11-2023,2023,236.6799927,247,234.0099945,246.7200012,148549900,246.7200012
29-11-2023,2023,249.2100067,252.75,242.7599945,244.1399994,135401300,244.1399994
30-11-2023,2023,245.1399994,245.2200012,236.9100037,240.0800018,132353200,240.0800018
01-12-2023,2023,233.1399994,240.1900024,231.8999939,238.8300018,121173500,238.8300018
04-12-2023,2023,235.75,239.3699951,233.2899933,235.5800018,104099800,235.5800018
05-12-2023,2023,233.8699951,246.6600037,233.6999969,238.7200012,137971100,238.7200012
06-12-2023,2023,242.9199982,246.5700073,239.1699982,239.3699951,126436200,239.3699951
07-12-2023,2023,241.5500031,244.0800018,236.9799957,242.6399994,107142300,242.6399994
08-12-2023,2023,240.2700043,245.2700043,239.2700043,243.8399963,102980100,243.8399963
11-12-2023,2023,242.7400055,243.4400024,237.4499969,239.7400055,97913900,239.7400055
12-12-2023,2023,238.5500031,238.9900055,233.8699951,237.0099945,95328300,237.0099945
13-12-2023,2023,234.1900024,240.3000031,228.1999969,239.2899933,146286300,239.2899933
14-12-2023,2023,241.2200012,253.8800049,240.7899933,251.0500031,160829200,251.0500031
15-12-2023,2023,251.2100067,254.1300049,248.3000031,253.5,135720800,253.5
18-12-2023,2023,253.7799988,258.7399902,251.3600006,252.0800018,116416500,252.0800018
19-12-2023,2023,253.4799957,258.3399963,253.0099945,257.2200012,106737400,257.2200012
20-12-2023,2023,256.4100037,259.8399963,247,247.1399994,125097000,247.1399994
21-12-2023,2023,251.8999939,254.8000031,248.5500031,254.5,109594200,254.5
22-12-2023,2023,256.7600098,258.2200012,251.3699951,252.5399933,93249800,252.5399933
26-12-2023,2023,254.4900055,257.9700012,252.9100037,256.6099854,86892400,256.6099854
27-12-2023,2023,258.3500061,263.3399963,257.519989,261.4400024,106494400,261.4400024
28-12-2023,2023,263.6600037,265.1300049,252.7100067,253.1799927,113619900,253.1799927
29-12-2023,2023,255.1000061,255.1900024,247.4299927,248.4799957,100615300,248.4799957
